0.0059263385	-0.027013296	-0.004308375	-0.061127942	-0.036658324	-0.04722706	0.020865852	0.013081272	0.013264764	-0.059733726	0.07717632	0.012447651	0.03725313	-0.03970709	0.028508933	0.0067747226
0.080041215	0.07913817	0.046874154	-0.032644786	0.043606322	-0.006524396	0.03568907	0.020451244	-0.046376828	-0.007988431	-0.0033712368	0.033052437	0.04729952	-0.07532014	-0.0056845467	0.0016076043
-0.1950355	-0.21390323	-0.12170573	0.18538718	-0.15044355	0.17096134	-0.16199051	-0.19285135	0.1920375	0.22503461	0.07812842	-0.1611244	-0.2343051	0.16285233	-0.2067611	-0.20401354
-0.01800679	-0.024944147	-0.06678953	0.005942832	-0.07962426	-0.058546476	0.033475243	0.036525626	-0.0074077253	0.001049998	0.090237536	0.024089482	0.06354336	0.032033123	0.013045708	0.032589044
0.06897375	0.049868383	0.055407282	-0.10287634	0.00034427608	-0.08475913	0.077509284	0.058396466	0.020693522	-0.07357312	0.041409213	0.03538089	0.048750218	-0.06285613	0.098396	0.021230415
0.0058337636	0.06561856	0.031103292	-0.065280624	-0.04496979	-0.026629692	0.036568806	-0.023048379	0.0041047037	-0.0708739	0.0490309	0.055155646	0.0019573553	-0.047484335	0.04980706	0.033891235
-0.10758836	-0.1777494	-0.104886375	0.1303608	-0.09656422	0.13762134	-0.115434684	-0.15291567	0.15620944	0.10594618	0.11264047	-0.15060313	-0.19089805	0.16477716	-0.1969864	-0.10382362
0.06705711	0.05366694	0.012164712	-0.111973196	0.006237395	-0.064158276	0.090647176	0.12876692	-0.009656415	-0.08363185	-0.014961664	0.08554685	0.05837306	-0.10903461	0.117375985	0.09028662
0.113327056	0.10608687	0.02833265	-0.013972641	0.0700541	-0.08257965	0.052446917	0.016970795	-0.016819838	-0.049822435	-0.079130135	0.09305851	0.06331334	-0.08180343	0.08496946	0.04878154
0.11272264	0.06350822	0.06380989	-0.109852485	0.04869824	-0.10931529	0.11204108	0.03381186	-0.0010861751	-0.085750595	-0.026648596	0.015038973	0.028713694	-0.05186752	0.054796513	0.09874475
0.04800549	0.07257134	0.035038013	-0.030577118	0.011451189	0.00015935619	0.04015917	0.07486052	0.016518323	-0.07373789	0.009236371	0.020125123	0.01058485	-0.057292	0.019298859	0.05040025
-0.03134144	-0.08426296	-0.06597957	-0.0011165069	-0.020569427	0.075379565	-0.06476579	-0.054425526	0.005708861	0.058095373	0.11141297	-0.049243808	-0.055530325	0.032609105	-0.07381878	-0.037709523
0.08299491	0.008419063	0.066513866	-0.026198026	0.011902216	0.0009772503	0.08605215	0.07554691	0.030615568	-0.015423494	0.00035610987	0.008552449	0.037591636	-0.05494296	0.0080282055	0.0665801
0.86845917	0.7212522	0.76820415	-0.88119704	0.7227259	-0.7931493	0.8471647	0.7018474	-0.7368247	-0.8425663	-0.647017	0.75531113	0.81285274	-0.74760765	0.8222401	0.7549119
0.10704431	0.08346935	0.11631417	-0.048762858	0.074896835	-0.07452084	0.12146535	0.09735888	-0.119748764	-0.06768283	-0.06401815	0.11599581	0.06510429	-0.041927963	0.10344068	0.06652895
0.06038635	0.0928168	0.065486096	-0.05510664	0.079494424	-0.04296129	0.08193177	0.11064729	-0.07588432	-0.09242475	-0.06204855	0.07582719	0.12816168	-0.06505713	0.12919132	0.107191
-0.18749022	-0.18720283	-0.097896494	0.17390557	-0.0794983	0.14788674	-0.13194694	-0.1358907	0.16636617	0.22354694	0.016161215	-0.1679186	-0.1831738	0.14564185	-0.15787326	-0.17419758
-0.15094276	-0.0917755	-0.1262019	0.20556879	-0.09499254	0.18081196	-0.15897122	-0.12369116	0.17237538	0.11217416	0.10581012	-0.12977095	-0.10948791	0.13483974	-0.15891045	-0.13020483
-0.8835489	-0.82360417	-0.8826494	0.86214626	-0.773992	0.8549653	-0.9424816	-0.7456424	0.78691983	0.88230926	0.71246845	-0.8445398	-0.8951071	0.8683712	-0.9001938	-0.7746679
-0.67970985	-0.6488035	-0.6184614	0.6439797	-0.6281769	0.6375985	-0.70407844	-0.5256569	0.57011604	0.61281514	0.51215	-0.60869616	-0.62331015	0.6568437	-0.674706	-0.6420858
0.011605009	-0.009070774	-0.0051701055	-0.014152893	-0.037409253	-0.010323058	-0.09228075	0.025880966	0.035189733	0.085617885	0.012606381	-0.04640817	-0.0016038409	0.028127406	0.01150379	-0.02615277
0.15863279	0.17438081	0.080687836	-0.22408123	0.090952	-0.11513194	0.18832263	0.20274426	-0.14651683	-0.1731211	-0.0712046	0.18110466	0.18506801	-0.11706902	0.1732065	0.17358348
-0.1340108	-0.107946135	-0.054284744	0.15406767	-0.056647956	0.062374335	-0.15956832	-0.036636796	0.15305522	0.124094136	0.12606092	-0.1488682	-0.13878977	0.09948464	-0.08916705	-0.083045594
-0.12090381	-0.12101055	-0.14596386	0.14681354	-0.14893125	0.073653966	-0.103096195	-0.107984506	0.13006699	0.137345	0.22313748	-0.09677438	-0.10950664	0.09468864	-0.14731361	-0.13024552
-0.12799779	-0.060801264	-0.13704245	0.07678894	-0.12780954	0.14216691	-0.059538286	-0.0680054	0.09727122	0.057506293	0.12890571	-0.12781288	-0.1055526	0.13648067	-0.13008128	-0.107580476
-0.25018972	-0.18288821	-0.23507911	0.15591273	-0.15896122	0.23509824	-0.26225454	-0.20180652	0.19259591	0.19796298	0.14236039	-0.21460928	-0.19527496	0.21109474	-0.17580345	-0.2263605
-0.080559745	-0.058473095	-0.103141956	0.06903967	-0.10563466	0.049622227	-0.09668304	-0.04213835	0.029530598	0.042566758	0.115890004	-0.091095075	-0.059107296	0.046423282	-0.018457204	-0.075635195
-0.12836243	-0.1228981	-0.11933384	0.1617164	-0.08048182	0.13010402	-0.059314378	-0.13998489	0.12652059	0.13211602	0.13666102	-0.08949891	-0.12611115	0.13550833	-0.1428126	-0.094049394
0.11927592	0.10447279	0.028324533	-0.08181499	0.050808713	-0.11187098	0.11591629	0.046450753	-0.013553941	-0.05689367	-0.054354936	0.090461686	0.1026809	-0.02258052	0.043414973	0.022543285
0.030749066	0.11660298	0.099120684	-0.08947413	0.06398814	-0.11363962	0.041888505	0.031666882	-0.11477908	-0.093591824	-0.06429204	0.07542768	0.082363866	-0.10537999	0.102459185	0.088492595
-0.04522739	-0.00653002	-0.09818667	0.04481456	-0.13394167	0.07989497	-0.036561124	0.0043132454	0.044835895	0.05069448	0.11416272	-0.012034083	-0.05624803	0.08309158	-0.075289525	-0.08778944
0.20319267	0.15947154	0.1414031	-0.19313157	0.22459336	-0.22116497	0.20767748	0.14462298	-0.17424	-0.23743588	-0.15759005	0.22222365	0.18560946	-0.2150131	0.15922317	0.17311205
-0.26141346	-0.15451701	-0.24291973	0.2564078	-0.1777227	0.18271458	-0.16811863	-0.1875956	0.22370318	0.17099781	0.24024448	-0.26123017	-0.21419835	0.2542739	-0.21976288	-0.2708195
-0.1997369	-0.119401924	-0.18598178	0.15627484	-0.1456603	0.13526282	-0.1621117	-0.13964908	0.16947253	0.2048093	0.14363764	-0.13133651	-0.19240081	0.15216692	-0.18335743	-0.13371769
-0.34213147	-0.2795283	-0.2844106	0.24115969	-0.305864	0.24662712	-0.3021506	-0.26877865	0.24370337	0.2949802	0.34908128	-0.27844143	-0.3111936	0.32520524	-0.3381222	-0.29798558
-0.015467506	-0.042083856	-0.018130673	0.03038595	-0.016523669	0.037390083	-0.10480714	-0.009408562	0.028148854	0.10857872	0.06079299	-0.053199545	-0.075734414	0.03412312	-0.10403168	-0.08094436
-0.09943089	-0.05542693	-0.06719676	0.11103704	-0.0993747	0.06078782	-0.05882895	-0.030255524	0.07938111	0.0761892	0.10679463	-0.11255701	-0.1149351	0.08952342	-0.06655018	-0.12278741
0.15043832	0.1506818	0.16024192	-0.18526441	0.18192814	-0.13283981	0.17497012	0.14003405	-0.10357671	-0.086236805	-0.20257553	0.15915853	0.118146025	-0.10153609	0.1830608	0.10425394
-0.10233378	-0.10673062	-0.14432317	0.061647423	-0.111394584	0.06915733	-0.10661423	-0.08555181	0.08511889	0.04424586	0.083148316	-0.097369105	-0.13311109	0.05085258	-0.13630135	-0.03729492
0.3307019	0.3340401	0.2873565	-0.33569506	0.35585004	-0.36728716	0.35111514	0.3249861	-0.32945672	-0.35789433	-0.2443547	0.34877694	0.3190584	-0.30277857	0.29191235	0.31483307
0.098989435	0.11269633	0.04136482	-0.032714073	0.058894113	-0.10589056	0.11405198	0.09157438	-0.039788514	-0.07576797	-0.05025523	0.06807396	0.071837455	-0.08344124	0.116499014	0.10518007
-0.4810237	-0.41716096	-0.40670675	0.47161973	-0.47150415	0.44448546	-0.50707775	-0.36455685	0.4101283	0.4429435	0.42064857	-0.39809203	-0.47969463	0.4083162	-0.4554972	-0.48372686
-0.025984427	-0.09361641	-0.023241894	0.102676615	-0.059773292	0.09121444	-0.023437724	-0.053601753	0.037811425	0.015399379	0.050788444	-0.014849339	-0.065855674	0.033747137	-0.105145924	-0.0105450805
-0.064383075	-0.053015828	-0.059047826	0.07693273	-0.017876673	0.062470168	-0.02839811	-0.072400145	0.042115416	0.06256913	0.091799326	-0.04148008	-0.046846777	0.09012668	-0.06849111	0.013348668
0.046776306	0.066754535	-0.0041549276	-0.007934891	0.01498429	-0.018165084	-0.00072021375	0.051360723	-0.09407272	0.0029654806	-0.00010060367	0.048874713	0.07256998	-0.07615842	0.061372325	0.044427793
0.23131016	0.20986195	0.17516798	-0.29850513	0.22283563	-0.23336674	0.2775941	0.20977761	-0.19496903	-0.2780725	-0.17214902	0.2771375	0.27381462	-0.28025702	0.26630756	0.28567204
-0.102805555	-0.112519264	-0.059041265	0.06636528	-0.088965036	0.04126079	-0.036951642	-0.113751195	0.04926029	0.0955226	0.025649533	-0.044197127	-0.066649154	0.07878863	-0.0620589	-0.076392904
-0.8847922	-0.8126952	-0.8210738	0.9211869	-0.84060276	0.8290961	-0.8851668	-0.683853	0.77826536	0.87698454	0.750105	-0.8127817	-0.8693639	0.8132831	-0.8788825	-0.76790774
0.19625904	0.2467588	0.2797239	-0.2510914	0.21240388	-0.17984062	0.28785884	0.18589833	-0.27769193	-0.1973948	-0.19897567	0.21267179	0.19809224	-0.20425133	0.26695225	0.2438159
-0.09887624	-0.10363675	-0.101207614	0.16126034	-0.07747157	0.12115712	-0.13138096	-0.1200324	0.07719874	0.14772014	0.039676767	-0.11367125	-0.103149176	0.09956279	-0.073340885	-0.1053314
0.6201525	0.58394814	0.61941254	-0.61446226	0.5001296	-0.585758	0.6501693	0.54120326	-0.5765021	-0.6344937	-0.49645433	0.61945075	0.58834803	-0.55360126	0.5552516	0.60297316
-0.07861991	-0.15204632	-0.12399811	0.08886776	-0.06655938	0.12202489	-0.07642462	-0.06962809	0.09381384	0.12949884	0.041361537	-0.08473702	-0.1297727	0.07977102	-0.10938784	-0.091753535
-0.004984956	-0.060376078	-0.060271274	0.003115376	-0.08897585	0.069994636	-0.09842625	-0.075710356	0.09419118	0.02452145	0.033544317	-0.07545094	-0.023445398	0.006808264	-0.014622576	-0.07353093
0.17802611	0.20164618	0.18440998	-0.17705895	0.18215851	-0.15731904	0.15406041	0.18394074	-0.14969303	-0.16798817	-0.16211863	0.19471227	0.18729785	-0.14795452	0.13276637	0.20029932
-0.7964087	-0.7258444	-0.7149616	0.7778727	-0.74707305	0.7349194	-0.7721284	-0.64108366	0.67457473	0.8239084	0.66445726	-0.7689816	-0.7716314	0.7022951	-0.7579397	-0.6859315
0.016563078	-0.025431778	-0.08373251	-0.04244035	-0.034308936	-0.010425514	-0.0396101	-0.014982389	0.07232353	-0.037875794	0.036819447	0.0045297923	0.0308723	0.0035618492	0.012620897	-0.052462675
0.03868104	0.021350455	0.11127215	-0.04944143	0.01633478	-0.007236142	0.054867394	0.0077807293	-0.08460987	-0.08330418	-0.015183749	0.10296932	0.06511706	-0.06279757	0.11608091	0.11570305
-0.10375929	-0.08963078	-0.03587016	0.11482374	-0.041253444	0.06681146	-0.071356386	-0.07771827	0.12024661	0.061612982	0.0071382523	-0.0852007	-0.12972406	0.10155569	-0.061510153	-0.05339245
-0.27419797	-0.2682793	-0.21280831	0.23901272	-0.25460833	0.217865	-0.28149858	-0.22452077	0.31278494	0.23627043	0.3105962	-0.22974344	-0.21764588	0.29398355	-0.26931003	-0.23671328
0.10871703	0.15431303	0.16900624	-0.11883082	0.17112276	-0.11394873	0.14773747	0.153655	-0.083098985	-0.18400496	-0.09913378	0.104208015	0.122017704	-0.16831817	0.08450974	0.11175038
0.12819923	0.093535766	0.056753527	-0.1187759	0.044830237	-0.08822902	0.07981036	0.067342505	-0.056495808	-0.07139406	-0.08995054	0.098833114	0.06677203	-0.040313773	0.05993929	0.06851884
0.042209655	0.1331038	0.08879398	-0.124144524	0.086451046	-0.056179233	0.078246206	0.1075255	-0.082839675	-0.14118572	-0.05643363	0.12357791	0.10045023	-0.13068448	0.10564704	0.14290407
0.15392873	0.109077156	0.11219143	-0.14548114	0.07368397	-0.06629565	0.15880698	0.07970272	-0.13282052	-0.09658557	-0.052905194	0.13768247	0.078108855	-0.1134904	0.09307485	0.12833288
0.31722203	0.2421673	0.2830607	-0.3033293	0.2567491	-0.29529786	0.2916363	0.27170363	-0.30383694	-0.29259285	-0.28381738	0.2925754	0.3248558	-0.2917491	0.28771323	0.2790642
0.23261875	0.16618758	0.11663956	-0.24626614	0.13405173	-0.14556871	0.20877288	0.22977445	-0.19115748	-0.21087837	-0.089133956	0.20996629	0.19788195	-0.126899	0.21201797	0.17395712
-0.14299357	-0.118977524	-0.13558036	0.09932399	-0.14952846	0.082342885	-0.1687916	-0.09328098	0.14246775	0.076344155	0.15450285	-0.1205614	-0.1541507	0.12361691	-0.1813892	-0.12140716
0.46444678	0.44214237	0.3947881	-0.47616974	0.3682018	-0.38437817	0.38081518	0.36005712	-0.38443106	-0.46466124	-0.30944297	0.3946403	0.39561033	-0.41261435	0.36821872	0.36714795
0.54186183	0.47205052	0.47704756	-0.5267814	0.42027348	-0.43622062	0.50262445	0.38502052	-0.38165626	-0.5033155	-0.35021633	0.48928174	0.46729937	-0.4714426	0.4211999	0.43649226
0.26103416	0.25145036	0.27091518	-0.24799542	0.23066014	-0.26735443	0.29674846	0.23433393	-0.24708018	-0.31513223	-0.24489261	0.2802955	0.23067938	-0.23162526	0.2823667	0.26074284
-0.4642795	-0.41080755	-0.36984608	0.36598283	-0.39807984	0.33716708	-0.41091534	-0.3471825	0.39418116	0.43698534	0.31796107	-0.38923952	-0.40358108	0.36395398	-0.3385709	-0.32284755
-0.23641734	-0.19364598	-0.13932657	0.20072941	-0.1527661	0.21873838	-0.18599702	-0.19930609	0.17540076	0.21695866	0.14657092	-0.13172475	-0.17496286	0.18171214	-0.19805802	-0.23069859
-0.04663583	-0.05106485	-0.086380586	-0.034557525	-0.042361073	-0.03695153	-0.054369386	-0.052479938	0.05279001	-0.03434847	0.05107433	-0.010900675	0.022427248	0.013135864	0.023023626	-0.028993674
-0.84282774	-0.7954917	-0.77226573	0.80861765	-0.70466	0.7713582	-0.8495537	-0.6616586	0.75396264	0.7883515	0.677969	-0.7055479	-0.82979286	0.7688089	-0.8206558	-0.7526966
0.07728372	0.12729248	0.13035876	-0.1508598	0.07546755	-0.10369367	0.069823034	0.06370383	-0.06214472	-0.09211034	-0.11810487	0.08029051	0.11424517	-0.11770385	0.10211851	0.13236189
0.05764114	0.10059455	0.14000222	-0.117573835	0.09679678	-0.09079614	0.10736783	0.110425904	-0.070284575	-0.14915195	-0.039997943	0.051463522	0.1378542	-0.059982322	0.08294419	0.13378873
-0.79372424	-0.64027846	-0.66649115	0.75189584	-0.68966603	0.6346557	-0.74345034	-0.6377201	0.6578891	0.6925411	0.6263267	-0.6422478	-0.6492147	0.6703562	-0.72719514	-0.6337895
0.0906093	0.077845655	0.050180178	-0.10926001	0.026250735	-0.10851128	0.0846792	0.064531974	0.0013156359	-0.07554181	-0.044705953	0.049684014	0.03892634	-0.05850241	0.037616555	0.06269857
0.1850816	0.13362214	0.11678775	-0.15088002	0.13411486	-0.10086925	0.1998567	0.15236814	-0.14217553	-0.20319307	-0.071765035	0.10770902	0.18995082	-0.13501312	0.18095699	0.1278947
0.4677299	0.34109896	0.39861152	-0.38876456	0.33018607	-0.37140405	0.44540536	0.33968955	-0.39334297	-0.4269955	-0.30137604	0.33768842	0.36946782	-0.34411743	0.38914293	0.37152606
-0.50200534	-0.46643838	-0.42400676	0.44639134	-0.39684144	0.37343007	-0.43557218	-0.4164359	0.42301935	0.4702946	0.41757986	-0.431002	-0.45093244	0.39805853	-0.4259923	-0.4419219
0.12760864	0.19030765	0.21411926	-0.15998614	0.148062	-0.14187129	0.17499316	0.18021053	-0.11724348	-0.13404147	-0.1628315	0.19228491	0.16966015	-0.15257539	0.20011617	0.19628
-0.21382101	-0.14927964	-0.14252715	0.15767866	-0.13656805	0.12275947	-0.17862087	-0.1592933	0.16746415	0.16373743	0.14737591	-0.19560853	-0.20439605	0.16622406	-0.20018339	-0.15260258
0.25770476	0.19680081	0.2809094	-0.2702975	0.19922069	-0.22896683	0.2932527	0.18215314	-0.17232314	-0.28331062	-0.14294684	0.19509304	0.25040078	-0.19389123	0.25986707	0.29311696
0.01143239	-0.04312315	-0.04082299	0.0105125485	0.030258482	-0.016276576	0.008814727	0.047364805	0.026781464	-0.048590485	0.04469163	0.013285766	0.057259746	-0.005672432	0.007846517	0.016766021
0.030739035	-0.013063017	0.034673575	-0.018405916	0.021184623	0.007852189	-0.02127103	0.07258231	0.041567516	-0.028123513	-0.019792028	0.024434006	0.063604556	0.007773272	0.04320876	0.011703991
0.57553476	0.5786362	0.57254916	-0.59832287	0.4873925	-0.60489523	0.64122844	0.5149312	-0.5812082	-0.61329955	-0.48720768	0.6162106	0.60278624	-0.50933146	0.5664153	0.559389
0.23510687	0.17842485	0.20760544	-0.2748364	0.26095897	-0.23162474	0.21446738	0.24638356	-0.1785467	-0.19244324	-0.15426792	0.19749007	0.2753678	-0.19991511	0.22888675	0.2363842
-0.781884	-0.75466627	-0.7560821	0.80642813	-0.76391655	0.7855758	-0.8556387	-0.68109816	0.72827786	0.7750268	0.7345353	-0.747436	-0.78611887	0.71120435	-0.81179345	-0.80313593
-0.2586183	-0.2984617	-0.29131985	0.29061526	-0.23076184	0.25190604	-0.2734893	-0.2944386	0.24225548	0.2948824	0.17637144	-0.2697918	-0.26334175	0.3171197	-0.27773172	-0.3227286
-0.032208063	-0.04280433	-0.058812406	0.05926088	-0.02854334	0.08213899	-0.08842233	-0.010738106	0.03410447	0.014137354	0.044980064	-0.042980216	-0.03460679	0.051100828	-0.012827612	-0.0663385
0.10769973	0.15386558	0.06982146	-0.1705777	0.052218437	-0.0877837	0.0652713	0.09921629	-0.056961272	-0.13722903	-0.023762422	0.08603446	0.060735747	-0.099478714	0.10348	0.11006857
-0.13564588	-0.14119789	-0.17617723	0.1174094	-0.17701016	0.14331095	-0.16822475	-0.13253109	0.118687145	0.11392198	0.14452943	-0.12578297	-0.18652697	0.17941865	-0.119105816	-0.19705078
-0.02638062	0.017014312	-0.017024124	-0.034968562	0.0086135315	0.0020570592	-0.020051047	-0.032790735	-0.008189958	-0.031005528	-0.058800597	-0.017081533	-0.04348779	-0.045134943	-0.035205454	-0.036009803
0.28665766	0.30553538	0.24406987	-0.23712549	0.25946593	-0.23276295	0.3151401	0.23529312	-0.23523785	-0.22064057	-0.23156516	0.19834574	0.24984467	-0.25294057	0.30528042	0.28236002
0.1295301	0.09056076	0.07316006	-0.13152201	0.09456686	-0.10041487	0.11497653	0.03905654	-0.09199164	-0.07243826	0.059780873	0.052684512	0.07946172	-0.10528319	0.067477606	0.026586007
-0.44826725	-0.4335835	-0.39044097	0.4473985	-0.42913994	0.4428997	-0.43848395	-0.3927138	0.37829196	0.42074755	0.36044142	-0.41792178	-0.4531587	0.37160832	-0.41143283	-0.35838994
0.012775662	0.09237089	-0.008106422	-0.12131485	0.065127894	-0.037866373	0.057193115	0.023211082	-0.07908971	-0.043005213	-0.02558636	0.06348229	0.069221824	-0.03724306	0.032393385	0.08079234
-0.13385555	-0.078835286	-0.21942015	0.14378896	-0.14005907	0.11000517	-0.11355147	-0.13946381	0.10880859	0.12977098	0.22583401	-0.11161219	-0.1026789	0.14762756	-0.10466511	-0.17629988
-0.16375212	-0.20045158	-0.1467225	0.16354816	-0.14613622	0.13996026	-0.21998337	-0.16921408	0.16004694	0.21197595	0.17328224	-0.15110199	-0.23979148	0.16649598	-0.16906634	-0.19225161
0.05593607	0.026844643	0.010910916	-0.10512257	0.06765826	-0.080405675	0.023409676	0.08619006	-0.059376635	-0.036404286	-0.024886142	0.022634078	0.052794933	-0.024044627	0.03813153	0.031553056
-0.17151685	-0.16809209	-0.10209678	0.15488702	-0.107100196	0.13946398	-0.1840372	-0.13869843	0.06901608	0.15013908	0.103309646	-0.080587335	-0.14657451	0.11367541	-0.15318032	-0.06995384
-0.25565538	-0.20828931	-0.2773799	0.1574585	-0.2255341	0.19867758	-0.16617146	-0.18760222	0.16782421	0.14481542	0.24869518	-0.1560469	-0.18832843	0.20770985	-0.16997254	-0.19964671
0.121117905	0.051928263	0.06223269	-0.11463469	0.02976541	-0.037295487	0.10196827	0.11857666	-0.055926904	-0.06741212	-0.03840183	0.055045065	0.066228025	-0.0768878	0.13525845	0.11169958
0.02816975	0.06487743	0.04437441	-0.08360577	0.044408083	-0.0063622626	0.054842085	-0.013333236	-0.008944657	-0.0094179325	-0.028136862	0.07449894	-0.012823965	0.011172435	0.02447724	0.013636601
0.46516815	0.47076112	0.38304034	-0.42108244	0.36467022	-0.46397436	0.4236778	0.37957218	-0.43662408	-0.43571582	-0.4267755	0.43697765	0.43398303	-0.36932534	0.4209576	0.4319972
0.108552046	0.15925433	0.06855319	-0.0871993	0.16757447	-0.12526523	0.1642608	0.06962144	-0.11328406	-0.12327278	-0.16973044	0.067983836	0.16813971	-0.121968396	0.069045186	0.06604375
0.2727258	0.17356084	0.23426369	-0.21789394	0.2216738	-0.21017344	0.2537304	0.15965663	-0.15905927	-0.16849963	-0.17910233	0.18236353	0.21309987	-0.19490598	0.24327497	0.24521269
0.07339591	0.05551152	0.08655989	-0.026687954	0.111820325	-0.07164578	0.07108629	0.045914307	-0.07496895	-0.042948812	-0.052067276	0.07131753	0.07462779	-0.092374355	0.070027724	0.03470888
0.10488058	0.1569822	0.13971773	-0.11666995	0.15803643	-0.14274189	0.08063668	0.111958385	-0.053683616	-0.17208457	-0.04227893	0.10376886	0.11745588	-0.13722846	0.10047069	0.16900754
-0.040324647	-0.011081753	-0.00019965938	0.051374372	-0.03129115	0.018400839	-0.03514014	-0.030502265	0.058671564	0.06702689	0.047506098	-0.026088318	-0.027523104	0.05336588	-0.004291228	0.005156465
-0.11133106	-0.19768919	-0.1541783	0.17912385	-0.13886073	0.18836506	-0.17504539	-0.12137949	0.15888925	0.21429694	0.110106	-0.13330857	-0.1484277	0.18988104	-0.11694795	-0.15553519
1.0177023	0.926336	0.96391225	-1.0095959	0.927087	-0.97276413	1.030859	0.8547995	-0.94831073	-1.0439262	-0.9607358	0.96702117	0.99770314	-0.9284247	0.95811635	0.9129529
0.26029092	0.20648551	0.24645449	-0.28005654	0.22078708	-0.23714341	0.2074414	0.23115559	-0.19441397	-0.28175154	-0.21214896	0.2873485	0.20458123	-0.21734996	0.2638928	0.24767208
0.01280495	0.007641262	0.019387146	-0.09093003	0.054107133	-0.08867411	0.022186527	0.04199808	-0.019322285	-0.028092157	-0.01950338	0.0010189533	0.049957227	-0.011884642	0.012154463	0.07432685
0.94980377	0.8431585	1.0049834	-0.9525078	0.8747687	-0.9205419	1.018491	0.8141818	-0.8442221	-0.8901449	-0.9457041	0.89552116	0.9353616	-0.89441633	0.95500815	0.9230819
0.18497229	0.16613255	0.23487295	-0.24328974	0.24159607	-0.16495557	0.20143184	0.16592908	-0.1858143	-0.17185177	-0.18494613	0.17969082	0.20786297	-0.17585324	0.21197565	0.16983415
0.082317315	0.055419296	0.045464274	-0.058021743	0.029829618	-0.061785724	0.05094516	0.05254864	-0.012366632	-0.08427681	-0.0036790022	-0.003016364	0.034093432	-0.007326223	0.031691223	-0.016073557
0.039211534	0.01012145	0.09939377	-0.037328202	0.07921916	-0.026205927	0.09984325	0.07823186	-0.02864091	-0.10245606	-0.10709458	0.03857244	0.10299678	-0.028960835	0.033663563	0.07950044
0.808932	0.76126355	0.77914363	-0.7859617	0.74240047	-0.7295259	0.8760342	0.63176817	-0.71292996	-0.7680076	-0.6511052	0.7719271	0.7598424	-0.7182184	0.79447746	0.7178514
-0.2818459	-0.24886654	-0.29971752	0.2762139	-0.24749134	0.26053783	-0.2190334	-0.23416965	0.21369992	0.28930032	0.24251434	-0.3118421	-0.23115325	0.28777266	-0.2762758	-0.24710779
0.6301115	0.55218256	0.60435367	-0.60062534	0.58316773	-0.5698043	0.5629746	0.5328087	-0.5126582	-0.59349734	-0.50939095	0.5415488	0.56737554	-0.6110113	0.587578	0.58887374
0.08083499	0.09614627	0.06408374	-0.051772393	0.104878426	-0.08353342	0.050280165	0.0914118	-0.04353	-0.14264964	-0.010440911	0.08876194	0.059794035	-0.04798604	0.07889677	0.121606015
-0.1875837	-0.22911721	-0.19469377	0.2159971	-0.1434407	0.17801757	-0.16530144	-0.19798234	0.16742367	0.1829235	0.19036973	-0.20760925	-0.23077352	0.15654069	-0.1840684	-0.21608764
-0.83647114	-0.7939347	-0.8005366	0.82229227	-0.7759217	0.79513115	-0.84435713	-0.6859332	0.7769995	0.8546729	0.78416044	-0.7278126	-0.79244286	0.7764586	-0.7743155	-0.72114885
0.9660415	0.8768338	0.92313886	-0.9349701	0.93100876	-0.9101995	0.9957332	0.77110595	-0.8506549	-0.90543514	-0.9214405	0.85063744	0.8968243	-0.8469574	0.864827	0.8522535
0.1477238	0.19152166	0.16977184	-0.18483025	0.07527093	-0.19002818	0.13638392	0.12183552	-0.11251644	-0.20754538	-0.08273097	0.123519965	0.18090035	-0.17173591	0.15031369	0.18912686
0.427771	0.36440116	0.32516736	-0.34549475	0.35837775	-0.37970307	0.41693223	0.2894497	-0.33168626	-0.3561054	-0.29202604	0.36294892	0.29850656	-0.34844083	0.34581175	0.33704814
-0.47067302	-0.44648468	-0.46981415	0.48359	-0.43186748	0.45330733	-0.45176077	-0.45319468	0.38078967	0.4808336	0.38303748	-0.4553954	-0.4299785	0.41783896	-0.49822286	-0.44679967
0.4541703	0.40556687	0.37248972	-0.39653936	0.39659694	-0.3657943	0.39313373	0.298834	-0.37680295	-0.37038052	-0.36132038	0.40353465	0.40317097	-0.34021434	0.41569087	0.40555474
0.39326966	0.29869482	0.37725592	-0.33191428	0.31865865	-0.29801562	0.3885875	0.35082862	-0.33843425	-0.3919303	-0.257277	0.3129876	0.39630568	-0.3201986	0.34683466	0.3743368
-0.012271873	-0.012612481	-0.013852788	0.0045706416	-0.09591798	0.05104749	-0.09005851	-0.0068552154	0.059277583	0.054512583	0.10243815	0.013503471	-0.010684	0.034056034	-0.093574554	-0.035512928
-0.34257814	-0.3233657	-0.36713842	0.32761016	-0.3339151	0.34204963	-0.36044532	-0.3272866	0.3404128	0.3014634	0.4417381	-0.34180284	-0.3603463	0.3148244	-0.37315455	-0.33340394
-0.11848565	-0.15542285	-0.10670519	0.14177251	-0.049634267	0.09352617	-0.14631246	-0.14551559	0.13194947	0.115347266	0.10364229	-0.12056498	-0.0905507	0.14289856	-0.1465946	-0.10528483
0.05234329	0.066249445	0.047285125	-0.1033859	0.08910476	-0.013859777	0.06419618	0.099658124	-0.08679148	-0.03590346	-0.0880559	0.08285744	0.090619385	-0.03186989	0.010967787	0.057548866
0.10786633	0.093969844	0.056709547	-0.09679724	0.063135184	-0.07962452	0.08009297	0.0668503	-0.071043015	-0.11389909	-0.13131209	0.04713937	0.09775321	-0.07717262	0.10350219	0.035968542
-0.22315066	-0.2978656	-0.2937315	0.29480496	-0.24484074	0.2931875	-0.22659762	-0.26001683	0.27481487	0.3098681	0.14530241	-0.24342528	-0.30222085	0.21911204	-0.3050887	-0.21650943
-0.032216225	0.014429553	-0.025987213	0.022646591	-0.00082670973	0.03486736	-0.063880146	0.01647866	0.05260318	0.022351943	0.10233371	-0.020210186	-0.015563074	-0.002221273	-0.051620834	-0.044630125
0.37207645	0.36237103	0.3731243	-0.318241	0.31748644	-0.29761836	0.33850035	0.32623369	-0.26862422	-0.3278287	-0.2658958	0.33556187	0.38694048	-0.30405122	0.33146998	0.37448737
-0.28920457	-0.2568666	-0.32161167	0.29099017	-0.29139248	0.23546252	-0.2678277	-0.21171513	0.2587963	0.28537098	0.31822783	-0.24672736	-0.30663368	0.33078575	-0.26642132	-0.23512454
-0.21374603	-0.15565039	-0.16192226	0.21542697	-0.1276613	0.1417729	-0.21534377	-0.20060669	0.17162557	0.20420335	0.15935725	-0.14151391	-0.19801296	0.17823826	-0.12835583	-0.19298817
0.91335434	0.87456685	0.8978009	-0.9048884	0.82199985	-0.8365317	1.0225273	0.756884	-0.85391194	-0.8942574	-0.83208036	0.86807364	0.9055236	-0.8120691	0.81427085	0.790431
-0.4698813	-0.41850048	-0.49740162	0.4922847	-0.4509718	0.51915663	-0.5135042	-0.40270552	0.459373	0.52570385	0.4198622	-0.4767214	-0.45525053	0.45453548	-0.44441366	-0.4436652
-0.19407295	-0.14799705	-0.13333167	0.18083374	-0.14831895	0.20058294	-0.14943174	-0.16742897	0.18257648	0.15602523	0.10241917	-0.099492714	-0.13949305	0.11957993	-0.1732367	-0.16489552
1.0256693	1.0201358	0.9793392	-0.9665732	0.9658236	-0.99836594	1.1192564	0.84083736	-0.9566857	-0.9682223	-0.9332004	0.9688049	0.9885438	-0.9777406	0.9429117	0.98297054
-0.28099814	-0.25068542	-0.21402428	0.26236114	-0.2646759	0.2561758	-0.19023226	-0.22748241	0.27251804	0.20935088	0.19294281	-0.25517508	-0.2426504	0.24575378	-0.2136028	-0.22448064
-0.5791308	-0.48711914	-0.58930105	0.56923014	-0.534961	0.5088803	-0.6119351	-0.43813473	0.53413653	0.5603621	0.54868907	-0.4983845	-0.5922347	0.550174	-0.53446114	-0.482497
0.05720182	0.09951517	0.03625091	-0.08714395	0.08992183	-0.034124184	0.11263668	0.06978935	-0.07521137	-0.023290863	-0.089817286	0.038584646	0.014748872	-0.028504685	0.028895441	0.06721918
-0.26189184	-0.29268894	-0.2655236	0.2821698	-0.24978809	0.22966129	-0.28784716	-0.20039865	0.30481514	0.27042645	0.21565221	-0.29550993	-0.24007025	0.26516652	-0.28735328	-0.29456475
-0.03120598	-0.053276855	-0.028869636	0.012131479	-0.07429578	0.021246573	-0.008250703	-0.075053126	0.07825169	0.007889507	0.05588702	-8.911011e-06	-0.028328909	0.04833854	-0.04014106	-0.049769677
-0.025270302	0.03606138	0.006923326	-0.013787561	-0.009954712	0.03795117	0.015172389	-0.021264108	0.057971604	-0.028529625	0.022710443	-0.03363718	-0.015118704	0.03485303	-0.00793508	0.01878403
-0.29626602	-0.26674291	-0.28771728	0.2510456	-0.23487014	0.31799898	-0.28515252	-0.29040387	0.29111737	0.26586738	0.19434887	-0.27043545	-0.22932333	0.30021864	-0.23351456	-0.2183854
0.25313643	0.2257795	0.21617775	-0.26846874	0.23176222	-0.24208775	0.24971335	0.17824201	-0.21607226	-0.2599228	-0.20168442	0.2456478	0.2718773	-0.18448678	0.21252413	0.26198578
-0.56800604	-0.58734787	-0.54423505	0.56715685	-0.58865607	0.5450249	-0.62716544	-0.48004878	0.5608682	0.54084134	0.59046906	-0.5779183	-0.58555526	0.5453535	-0.59098476	-0.49121743
0.23330773	0.1617872	0.21157557	-0.17037208	0.25235447	-0.17232396	0.23262432	0.11073913	-0.19988756	-0.16587679	-0.31275	0.24959019	0.1487916	-0.18307362	0.19292308	0.21620524
-0.1589001	-0.109670036	-0.060251184	0.078572996	-0.10460946	0.08981555	-0.07791319	-0.10526478	0.09260975	0.08274327	0.13398038	-0.14582148	-0.053257104	0.11069667	-0.1188637	-0.0967128
-0.36038327	-0.3171342	-0.32174802	0.34424105	-0.27167594	0.31431854	-0.35187814	-0.31387472	0.32563066	0.3267071	0.27110535	-0.34497628	-0.3063484	0.27234942	-0.2704752	-0.31228036
0.29757714	0.23912726	0.21834916	-0.2563702	0.20684375	-0.30281615	0.22383408	0.21548882	-0.23404542	-0.2264323	-0.18089943	0.24658597	0.24932994	-0.22262281	0.28035313	0.22875257
0.16560084	0.10903359	0.110521734	-0.12636912	0.15028948	-0.171187	0.15342279	0.12584728	-0.07461074	-0.09986856	-0.09404601	0.111769505	0.13918535	-0.10895266	0.1625784	0.14661102
-0.1329961	-0.088382915	-0.08059364	0.056259442	-0.06814136	0.11680829	-0.10985105	-0.07272575	0.117751606	0.114922635	0.09976503	-0.058957387	-0.06652304	0.037591066	-0.11508425	-0.052190047
-0.17395057	-0.11598285	-0.1597298	0.1367713	-0.13276908	0.13452187	-0.10341451	-0.067981154	0.13902946	0.11251671	0.2022597	-0.1449186	-0.15097968	0.12056498	-0.1467224	-0.13616523
0.52618253	0.5159939	0.50714815	-0.5842442	0.5119567	-0.5209943	0.552453	0.4783657	-0.45833254	-0.55756927	-0.4965068	0.55618125	0.55245584	-0.47614837	0.49811673	0.49229768
-0.26556456	-0.30696636	-0.269584	0.32885903	-0.27249616	0.30508018	-0.2743566	-0.241931	0.26432973	0.36970383	0.19235477	-0.29600653	-0.37517416	0.33152115	-0.32925087	-0.3179701
0.06897372	0.036307193	0.07437527	-0.07502412	0.03764772	-0.05804979	0.05586893	0.010898846	-0.045216613	-0.029162578	0.005295194	0.08004772	0.082485914	-0.06287627	0.07289925	0.026242478
0.3081102	0.2589539	0.24413943	-0.28788683	0.25948232	-0.20943935	0.31466177	0.19986165	-0.2154646	-0.22784056	-0.13033335	0.22179754	0.23518468	-0.20465194	0.20614879	0.20341784
-0.10553653	-0.06308976	-0.040327318	0.07633404	-0.105605274	0.12883474	-0.07760077	-0.10817238	0.12564915	0.12470494	0.15662552	-0.11821515	-0.08784032	0.088015586	-0.057981797	-0.07436444
0.2806894	0.21763876	0.2716855	-0.2568611	0.27706066	-0.2770162	0.2992364	0.27030212	-0.29920986	-0.2720149	-0.24814825	0.19830863	0.27428144	-0.26345482	0.23790294	0.24798279
0.5742431	0.5949111	0.5593994	-0.59375566	0.5055624	-0.5205915	0.636784	0.5176305	-0.5156506	-0.52868325	-0.5818098	0.5598543	0.539654	-0.5866243	0.5650951	0.5455566
-0.19509447	-0.18734053	-0.18418126	0.2136143	-0.19667633	0.18764864	-0.23119329	-0.15866274	0.17458373	0.19863228	0.22025445	-0.15687853	-0.14308277	0.19639044	-0.15220062	-0.22385572
0.5534343	0.51969564	0.4700421	-0.45896196	0.4213197	-0.43962038	0.48477507	0.38384295	-0.4160418	-0.48885998	-0.41967547	0.49957898	0.52884275	-0.4967991	0.46773812	0.46601102
0.19513957	0.1844199	0.17830326	-0.18937206	0.16912644	-0.19473088	0.1514467	0.18538465	-0.1010433	-0.11091477	-0.14030002	0.1099162	0.103682324	-0.1357265	0.17854875	0.16408353
-0.13441625	-0.08851894	-0.0741532	0.07325097	-0.09779707	0.13431892	-0.08908154	-0.14199436	0.06621862	0.1519098	0.12997921	-0.09531307	-0.1457524	0.16429935	-0.1544252	-0.11439701
-0.10998922	-0.13210447	-0.08747344	0.16055626	-0.0741899	0.13470757	-0.10779538	-0.06423335	0.14156921	0.12519085	0.09815773	-0.1382368	-0.10841821	0.13068436	-0.08571664	-0.058952678
0.27466455	0.25666568	0.23533426	-0.24787165	0.21656613	-0.23047313	0.29524374	0.2580214	-0.18357143	-0.23915803	-0.29995036	0.27199247	0.21390703	-0.22185121	0.27810657	0.28677806
-0.06280666	-0.11091681	-0.0143534	0.09546916	-0.08714375	0.10736739	-0.1112822	-0.084494784	0.052051924	0.05531648	0.028342996	-0.10983666	-0.12788682	0.025353357	-0.077608794	-0.069933206
-0.23628192	-0.2549941	-0.21332434	0.17523749	-0.18938716	0.16733801	-0.21756189	-0.17606904	0.16268775	0.20643637	0.1788757	-0.22777103	-0.16970806	0.16045512	-0.16807163	-0.22109428
0.27555707	0.17448764	0.17624204	-0.17085835	0.1625161	-0.15331818	0.18724713	0.2131427	-0.21893336	-0.23958543	-0.12660061	0.16633919	0.19447221	-0.1738857	0.20918278	0.19884536
-0.083399355	-0.11697183	-0.08881521	0.05057908	-0.03603524	0.118128225	-0.12527867	-0.11013742	0.059738435	0.08780929	0.096210405	-0.04236885	-0.040870614	0.09508027	-0.036052156	-0.034137078
-0.052477136	0.011091527	-0.05724854	0.08973075	-0.02173785	0.07494796	-0.036735475	-0.019793857	0.04645347	0.083343685	0.047046803	0.00016859856	-0.02693992	0.0601263	-0.036085736	-0.017855708
0.381923	0.32966992	0.33825344	-0.29123458	0.28565735	-0.3016522	0.35359353	0.23097563	-0.2949673	-0.27459925	-0.33772382	0.3062686	0.27050388	-0.3062783	0.33038804	0.3209293
0.29057613	0.26542756	0.27624577	-0.3122658	0.3242395	-0.31049427	0.34868583	0.3051401	-0.29711837	-0.30776846	-0.3257568	0.3193818	0.27712166	-0.3240818	0.26688468	0.2913393
-0.31961083	-0.29824138	-0.34624586	0.31945097	-0.2864606	0.29844588	-0.36804122	-0.24108021	0.26085532	0.35010165	0.28276697	-0.31148937	-0.33714572	0.3194994	-0.37490803	-0.28177068
0.978066	0.89785445	0.90253913	-0.8983734	0.8929517	-0.9168651	0.96985745	0.74490726	-0.87184316	-0.9202275	-0.8922582	0.83219457	0.9185139	-0.86406994	0.86029017	0.81632066
0.23794435	0.25897744	0.30066028	-0.2541938	0.23389646	-0.2759952	0.28394714	0.16226919	-0.20348541	-0.26937944	-0.23166901	0.22790332	0.2696131	-0.2192231	0.21104452	0.25610492
0.47694463	0.44164434	0.43473867	-0.4651987	0.41966403	-0.48817554	0.49948275	0.3546001	-0.45259786	-0.42748147	-0.45710734	0.4708153	0.4343164	-0.47896338	0.43366688	0.42937317
-0.6214644	-0.5432657	-0.7147461	0.6699887	-0.5662479	0.607488	-0.5783291	-0.562622	0.6749295	0.6074429	0.5892218	-0.6358812	-0.5917543	0.6367746	-0.620657	-0.6649107
0.14219996	0.11909279	0.06724542	-0.12590449	0.034223597	-0.10421406	0.06309066	0.064008	-0.04458661	-0.113772966	-0.052803658	0.12593262	0.06511766	-0.068359315	0.08491136	0.06319718
0.21952374	0.21844293	0.21547973	-0.24899517	0.2045198	-0.22160684	0.23999706	0.17079307	-0.22847204	-0.22858004	-0.15804316	0.21945852	0.23747076	-0.24038704	0.24234699	0.18069887
0.68956697	0.5976149	0.687818	-0.58955604	0.64195806	-0.6642389	0.7411349	0.4835311	-0.58990854	-0.6567001	-0.6054084	0.6338059	0.5880464	-0.61614573	0.61530924	0.58368796
-0.112776704	-0.18297184	-0.13826326	0.16095188	-0.16256244	0.18206535	-0.17006911	-0.18451495	0.15268351	0.18638073	0.188727	-0.17219259	-0.20244803	0.18304458	-0.19712712	-0.17483614
-0.09946487	-0.09709392	-0.07186693	0.062748775	-0.08826153	0.073953435	-0.05181708	-0.055751722	0.033702377	0.020497944	0.09794404	-0.113678604	-0.08967766	0.07854145	-0.031704135	-0.030059446
0.4036117	0.3358835	0.36113963	-0.34702167	0.38944218	-0.31389132	0.4000305	0.29388332	-0.35287812	-0.3922068	-0.30532926	0.31457278	0.39162964	-0.38595915	0.34996274	0.32796577
-0.07653139	-0.07427143	-0.072504215	0.07914869	-0.08514712	0.011911722	-0.019931352	-0.073064014	0.074807316	0.114626735	-0.061482497	-0.05559181	-0.040930554	0.0975651	-0.021088492	-0.044426743
-0.10046272	-0.11787264	-0.14247511	0.14731011	-0.18084982	0.1622978	-0.12454702	-0.13514765	0.1393129	0.17435	0.2006863	-0.14706351	-0.07575897	0.13185301	-0.13219565	-0.13854246
0.4337998	0.43311068	0.44987547	-0.39215553	0.37160397	-0.34953177	0.4248764	0.3176682	-0.3840623	-0.4599633	-0.38388675	0.44370398	0.39479384	-0.38133734	0.4238575	0.42580423
0.30269408	0.2594821	0.31558177	-0.337151	0.3589303	-0.33607608	0.3273636	0.31604418	-0.31393632	-0.34801945	-0.34673956	0.2592163	0.29052645	-0.3024745	0.26637357	0.3129192
-0.10224118	-0.10216431	-0.13575743	0.17186885	-0.112533055	0.15981327	-0.15379557	-0.1627693	0.10318748	0.09323039	0.16582653	-0.15444905	-0.11072845	0.09699475	-0.167115	-0.13878173
-0.2424989	-0.2700932	-0.25054297	0.31529108	-0.24620318	0.26713726	-0.33424315	-0.2045947	0.24717644	0.2298074	0.25781244	-0.24045931	-0.2525742	0.2296974	-0.26877707	-0.22337617
0.06618756	0.006155831	0.019753298	-0.0690058	0.09481028	-0.07140369	0.032353494	0.018037729	0.023405682	-0.029803408	-0.026072284	0.055570677	0.021921696	-0.020511588	0.08222584	0.09408578
0.32751635	0.3138475	0.33449087	-0.3830702	0.35820717	-0.31683853	0.3189013	0.2747127	-0.31652847	-0.3793235	-0.33004677	0.32135767	0.27925438	-0.36701357	0.32400596	0.34174994
0.18163164	0.16108058	0.19072706	-0.2067849	0.11183761	-0.14563628	0.16106732	0.19728707	-0.21172193	-0.13701472	-0.17537528	0.18601042	0.14943837	-0.11477993	0.18786918	0.1803722
0.4537758	0.39893758	0.3782498	-0.44287658	0.39813438	-0.41358078	0.40912214	0.3215442	-0.32930705	-0.36549354	-0.33052304	0.3578564	0.40497395	-0.3908323	0.4316152	0.34746122
0.38735476	0.30472225	0.3415448	-0.38850224	0.29271853	-0.3687213	0.39897317	0.30482104	-0.31407025	-0.38751608	-0.3203354	0.3593152	0.3678528	-0.31394815	0.31721297	0.3656154
-0.37900764	-0.39924297	-0.35460603	0.41952515	-0.358351	0.3863494	-0.3771752	-0.36083218	0.3423107	0.4063111	0.3908348	-0.38359043	-0.34138867	0.3583737	-0.3639068	-0.35241574
-0.11111908	-0.13194771	-0.06087641	0.10009192	-0.09045544	0.09376238	-0.1436103	-0.1075237	0.14563635	0.1494334	0.0641437	-0.09945155	-0.07019169	0.12092747	-0.057339158	-0.05078963
-0.18288904	-0.20443143	-0.11462647	0.1635136	-0.12562506	0.2060479	-0.13332981	-0.18402995	0.09267364	0.17035991	0.042746104	-0.16079484	-0.18585445	0.15685098	-0.11043252	-0.13690217
-0.23622082	-0.30889934	-0.2807451	0.28454423	-0.30470136	0.25814322	-0.2455058	-0.21236497	0.31596395	0.30279025	0.21105336	-0.26033983	-0.3247402	0.23281805	-0.32173008	-0.30093274
0.19232565	0.15560414	0.16920327	-0.10334224	0.16747199	-0.14875765	0.12121687	0.12603432	-0.19199327	-0.13384396	-0.20210776	0.123465404	0.14963034	-0.14384814	0.15574726	0.18837264
-0.08540746	-0.10321476	-0.122042105	0.07145827	-0.10636678	0.081819065	-0.08920505	-0.05276616	0.066525176	0.14617628	0.042489517	-0.07393969	-0.15340929	0.108788796	-0.079758815	-0.10018664
-0.0053857896	-0.010408347	0.030704714	0.025336916	-0.03350467	0.021613825	-0.027495207	-0.016199976	-0.07595744	-0.0016364796	0.015431058	0.030961387	0.03339013	0.0040519023	0.04270338	0.051939428
-0.16076018	-0.08360021	-0.13819267	0.09395986	-0.12533554	0.1530614	-0.08208728	-0.138806	0.16164115	0.107622035	0.13545132	-0.1510507	-0.17351454	0.119726	-0.15829992	-0.17056029
-0.6112375	-0.59739214	-0.6609599	0.69352394	-0.62251824	0.6003706	-0.6246064	-0.53333896	0.60265505	0.6513055	0.5979108	-0.63640803	-0.6639968	0.61463434	-0.6770039	-0.6069946
-0.2613313	-0.25168434	-0.26037678	0.25338882	-0.27550456	0.27973115	-0.3062951	-0.18920028	0.2800523	0.25610185	0.2755053	-0.25642726	-0.27068347	0.26254106	-0.1988168	-0.23603395
0.15578826	0.121562116	0.17576857	-0.13974646	0.10898479	-0.13625677	0.14668198	0.1436253	-0.17525633	-0.13947852	-0.091629066	0.10765155	0.11977936	-0.18378344	0.14555085	0.1403772
0.8003498	0.6877386	0.7339607	-0.7195398	0.7223236	-0.70287675	0.84273046	0.6127974	-0.6541059	-0.7248634	-0.78412825	0.66088384	0.7498135	-0.7222969	0.68786436	0.64898944
-0.16854802	-0.1186587	-0.10139441	0.1463263	-0.14156197	0.1695122	-0.16472849	-0.122396275	0.18743408	0.09344547	0.16312276	-0.17280282	-0.16595215	0.1831478	-0.13921446	-0.12224309
0.19450903	0.126973	0.16342035	-0.12644608	0.14159344	-0.10569395	0.20981479	0.09478022	-0.18812406	-0.12945625	-0.16722652	0.1259255	0.17732446	-0.16344157	0.17918535	0.14221889
-0.2893219	-0.28260607	-0.29585657	0.27996904	-0.23090811	0.28170136	-0.29098716	-0.20196143	0.27068546	0.28438646	0.21819925	-0.31531864	-0.2867562	0.25494936	-0.23315427	-0.29167107
0.625637	0.56723434	0.59263456	-0.55603784	0.4870872	-0.54936075	0.5919971	0.431386	-0.47567332	-0.5554092	-0.5112648	0.5672753	0.5762817	-0.50066435	0.5229002	0.5065986
-0.043036263	0.024453225	0.020538688	0.024448728	-0.006003591	0.021401579	0.0056124716	0.00786152	0.07311466	0.029760439	0.03753653	-0.036235828	-0.06520685	0.048287716	-0.030827217	0.032949787
0.35364807	0.31612715	0.36342034	-0.38795814	0.39166063	-0.36044216	0.45080394	0.3359259	-0.31370124	-0.37974006	-0.36061355	0.397992	0.34142092	-0.31041482	0.35897115	0.34339637
-0.28028256	-0.2772095	-0.2844959	0.2883918	-0.23738842	0.26522496	-0.32494384	-0.21911608	0.26146695	0.300396	0.26539725	-0.27468425	-0.3407598	0.31733456	-0.30300918	-0.2727137
0.069964185	0.08670702	0.07346526	-0.12309685	0.0987592	-0.06490888	0.060014516	0.090235285	-0.122670315	-0.1305576	-0.08906628	0.04903544	0.08250768	-0.0650006	0.053068854	0.067393556
-0.28278196	-0.27055648	-0.31878194	0.35182106	-0.25568983	0.2811229	-0.36197287	-0.27539977	0.3374834	0.38104892	0.24817136	-0.26568606	-0.33721018	0.30734497	-0.34990525	-0.26449975
-0.04841229	0.010147608	-0.049778286	0.0050211544	-0.018766848	-0.029133938	-0.023796026	-0.0020179183	0.0077916766	0.0028286485	0.013997712	-0.0038762114	-0.051823985	0.010848753	-0.050849378	-0.061606865
-0.44812393	-0.36022076	-0.42082998	0.3542717	-0.39987424	0.3955169	-0.43497306	-0.29703137	0.39659736	0.4176885	0.32992184	-0.3863617	-0.39583698	0.4105384	-0.37733015	-0.40253487
-0.3053621	-0.31911632	-0.316398	0.39430702	-0.27498612	0.37556425	-0.29778296	-0.25807706	0.336851	0.30274332	0.2538372	-0.28332102	-0.379937	0.34036642	-0.3613481	-0.30755192
-0.24241805	-0.20434763	-0.1591559	0.22743963	-0.20497267	0.15824953	-0.21268845	-0.16764344	0.19995856	0.23590799	0.22367401	-0.18801217	-0.15989093	0.20899808	-0.22360863	-0.18727642
-0.45953807	-0.40796646	-0.40709394	0.46318814	-0.40625283	0.36266068	-0.42448553	-0.33335334	0.38916424	0.4128115	0.374917	-0.4180245	-0.47574377	0.43562835	-0.42058977	-0.43961462
0.351955	0.3190915	0.28001535	-0.35755137	0.26910886	-0.3454545	0.34162447	0.3028622	-0.34887344	-0.343058	-0.3056668	0.27856028	0.34982273	-0.25571266	0.3061288	0.31508088
0.36409315	0.3827003	0.36163977	-0.3792328	0.33906573	-0.32160562	0.33115834	0.27360263	-0.29556608	-0.3294678	-0.26803905	0.3260575	0.31675082	-0.36009553	0.3077077	0.35219932
0.27503884	0.20528483	0.29229742	-0.22535528	0.24345097	-0.18973686	0.2897653	0.23806907	-0.2414295	-0.25081286	-0.28731397	0.25530002	0.22068694	-0.24117559	0.24777111	0.21968134
0.3478244	0.2911495	0.28871113	-0.30360526	0.2983068	-0.3560887	0.3094818	0.24905343	-0.3143941	-0.37053525	-0.2534279	0.29862323	0.31512642	-0.26054522	0.33152783	0.25833976
-0.02734747	0.010213003	-0.028783618	0.03282668	-0.057128835	0.086078584	-0.06227149	-0.011570313	0.037381515	0.020955237	-0.039775886	-0.068205684	-0.013338709	0.06349718	-0.020032119	-0.0659891
0.3259508	0.27923042	0.260972	-0.36497456	0.27964935	-0.3281987	0.27622202	0.233658	-0.239459	-0.34625345	-0.26229784	0.3535585	0.25721285	-0.2834565	0.31636778	0.33492944
0.115898736	0.103560574	0.08873842	-0.15133351	0.09010807	-0.094350606	0.091094494	0.116801575	-0.13346525	-0.1354535	-0.113706246	0.10182155	0.1443227	-0.13743249	0.09179977	0.13732345
-0.0467939	-0.020816803	-0.010741945	0.0764116	-0.08609932	0.04114378	-0.03649794	-0.00797289	-0.012311638	0.03117448	-0.025250938	-0.003452184	-0.012024716	0.013407644	0.0011495621	-0.0051940153
-0.10310707	-0.13738453	-0.09131582	0.15091239	-0.07486491	0.07788392	-0.13263561	-0.15828338	0.06808546	0.14766605	0.062020853	-0.07826443	-0.15034048	0.1594655	-0.15372694	-0.07522796
0.15023507	0.06358079	0.15383247	-0.06736739	0.1485875	-0.09516371	0.14007658	0.03880062	-0.057228	-0.06935143	-0.17756161	0.08933874	0.12661989	-0.06504554	0.12888552	0.12188449
-0.7407104	-0.63380635	-0.7293306	0.7241644	-0.63363034	0.6417126	-0.7298661	-0.5762682	0.6618761	0.71370095	0.6551448	-0.6842744	-0.6575249	0.7159322	-0.70050126	-0.62819046
-0.4630677	-0.4487409	-0.46438754	0.45201674	-0.38416013	0.4359657	-0.40939358	-0.3617492	0.41715282	0.41508245	0.43601164	-0.4268634	-0.38968432	0.41149038	-0.44644472	-0.42824507
0.11982717	0.0737461	0.07281442	-0.12688686	0.07524722	-0.101677805	0.05092299	0.10526266	-0.07831752	-0.044252418	-0.090414755	0.027837515	0.09513835	-0.04850669	0.06054641	0.08693657
0.32020387	0.30635917	0.33796048	-0.30938962	0.34155262	-0.31103885	0.3542249	0.26329058	-0.34389022	-0.33173236	-0.3432715	0.31312895	0.28977686	-0.2807107	0.32697377	0.3261021
-0.044397943	-0.10500733	-0.0918795	0.09746653	-0.07828541	0.028939568	-0.046153657	-0.077553056	-0.0040489426	0.030584276	0.047032863	-0.060867567	-0.072067454	0.07096637	-0.096846744	-0.014933151
0.075227745	0.083021514	0.07819851	-0.11488316	0.092403196	-0.08147155	0.11046403	0.05223089	-0.04220301	-0.08457956	-0.09935771	0.10562755	0.05241632	-0.0758943	0.021105317	0.065262556
0.34483093	0.32960087	0.3648344	-0.3562477	0.32178158	-0.32821065	0.39520034	0.2891019	-0.28058365	-0.30730423	-0.34307775	0.30000138	0.33439916	-0.3069071	0.291591	0.3400691
0.3355748	0.25027227	0.27226484	-0.29551986	0.24404886	-0.2872894	0.3404812	0.28321072	-0.2766464	-0.338373	-0.2581689	0.33172563	0.25397018	-0.25319496	0.2801981	0.23257816
-0.31625754	-0.3535453	-0.27853173	0.3033826	-0.31720594	0.32381126	-0.35660273	-0.26884297	0.3170118	0.3541043	0.28887466	-0.35583007	-0.3131362	0.32956755	-0.28820422	-0.33304173
-0.18116151	-0.18959567	-0.13255963	0.18491793	-0.11450701	0.1692148	-0.13973854	-0.0758512	0.12749222	0.16204558	0.16708885	-0.15184304	-0.18001673	0.17244829	-0.10164805	-0.12794235
0.19540313	0.15026404	0.16528617	-0.1485326	0.1383347	-0.1215355	0.10746298	0.13453917	-0.1386892	-0.17761005	-0.18013075	0.124891356	0.18603176	-0.15191676	0.18049644	0.12126854
0.037481077	0.03171684	-0.00905859	0.012453534	0.06418985	-0.051065035	0.078153595	0.076502636	-0.0686921	0.009052273	-0.0005506606	0.009863866	0.041871186	-0.038338907	0.02951866	-0.0061728247
0.21262072	0.1896305	0.1990186	-0.17609127	0.25236017	-0.2535691	0.2826692	0.18862411	-0.16834037	-0.22003478	-0.2329069	0.26106113	0.20072539	-0.24939544	0.2616715	0.18082315
0.18179235	0.163729	0.1815066	-0.18296753	0.11426193	-0.18411462	0.2038023	0.14849451	-0.17541982	-0.209431	-0.09537311	0.14403489	0.22115748	-0.12716	0.19517377	0.21502909
0.26975918	0.18837838	0.2655089	-0.26546177	0.26069817	-0.24721421	0.24266697	0.15640417	-0.16979176	-0.2023838	-0.28892693	0.18961841	0.1838939	-0.18141435	0.22473858	0.20526116
0.3080545	0.30829912	0.2975708	-0.349148	0.26080042	-0.32111844	0.27463967	0.2580505	-0.1949805	-0.2606945	-0.21589383	0.262845	0.2519625	-0.24280189	0.32277435	0.23676616
-0.025674963	-0.017427363	-0.046393007	0.10615105	0.009728076	0.035367545	-0.05901761	-0.042027805	0.01895974	0.07559417	0.013284374	-0.05607281	-0.06832831	0.0012397788	-0.10622285	-0.018690135
0.14857246	0.15624313	0.15696721	-0.124153145	0.119072154	-0.16818157	0.08511545	0.08530315	-0.12456267	-0.10385373	-0.14422551	0.17651902	0.08811261	-0.0930635	0.107140385	0.13730784
0.23312345	0.2576448	0.257074	-0.2290628	0.27101868	-0.26755112	0.2732147	0.18295448	-0.24076606	-0.2608826	-0.27449653	0.27985674	0.23071297	-0.19615573	0.26676267	0.23536952
-0.21153018	-0.24029046	-0.17342593	0.23826069	-0.21966171	0.25159845	-0.24835987	-0.14387578	0.20220289	0.18657878	0.2509294	-0.20475307	-0.18688573	0.15988566	-0.1744625	-0.1913607
0.52326113	0.45024037	0.47411582	-0.5248595	0.51724887	-0.5063134	0.49902377	0.47979745	-0.4416207	-0.49721578	-0.43767428	0.523042	0.53141254	-0.42650935	0.48403516	0.47661436
-0.10138646	-0.11154718	-0.09012737	0.048538875	-0.05057343	0.09009361	-0.073585674	-0.09458085	0.021282274	0.07878033	-0.013651194	-0.083498105	-0.10870936	0.08573595	-0.10777436	-0.057296224
0.33008447	0.2230949	0.331139	-0.2367812	0.2776114	-0.22383814	0.33830416	0.18939301	-0.25372264	-0.28572562	-0.28045592	0.30573022	0.25730342	-0.25358525	0.2595223	0.3206129
0.72483796	0.6279605	0.64734435	-0.6991641	0.66082174	-0.6230721	0.62944674	0.5658485	-0.6550311	-0.6754797	-0.6616791	0.64537513	0.6135659	-0.6934316	0.62295634	0.6132176
-0.18504442	-0.13677752	-0.20699303	0.13681173	-0.13654687	0.17444092	-0.1517224	-0.16949068	0.106616534	0.20719805	0.14149866	-0.12316383	-0.12136036	0.20260136	-0.15143451	-0.14069991
-0.38680968	-0.33639702	-0.38089603	0.34079143	-0.33016297	0.3346055	-0.38898045	-0.32028142	0.34135616	0.36452827	0.33505586	-0.30334	-0.37014192	0.40451926	-0.3596444	-0.33262512
0.21395615	0.23500176	0.2664377	-0.24868976	0.19897506	-0.26252317	0.2572236	0.25453252	-0.23783441	-0.22615536	-0.28632373	0.24911226	0.28444406	-0.19636501	0.23250633	0.21258163
-0.09007845	-0.027894767	-0.050440755	0.10924691	-0.08278195	0.015413144	-0.04819978	-0.0048469114	0.050939325	0.041251387	-0.041676	-0.060411654	-0.017144978	0.051329512	-0.08572439	-0.033950154
0.54573244	0.5289877	0.59646606	-0.51108706	0.49190375	-0.55751866	0.54435563	0.51449656	-0.51684994	-0.52264154	-0.51350707	0.53362954	0.58287764	-0.55024606	0.53194296	0.4877563
0.21736705	0.20232913	0.23684266	-0.22878271	0.22681937	-0.1543437	0.20356902	0.2187198	-0.1871902	-0.2506521	-0.17534004	0.1847409	0.16415623	-0.15122136	0.22010665	0.16750759
0.22791193	0.23357035	0.20172937	-0.27972654	0.25719061	-0.24181394	0.23891883	0.22353126	-0.17997418	-0.2646375	-0.19679375	0.19628	0.22553368	-0.20563279	0.23215455	0.23698433
0.3965511	0.37549496	0.3899294	-0.451484	0.37746692	-0.42428827	0.45568165	0.3329756	-0.4074094	-0.41209698	-0.3575993	0.36692488	0.4320366	-0.40508416	0.38167346	0.38367423
0.15587392	0.14686733	0.11685927	-0.1182426	0.10405931	-0.14429758	0.14597331	0.15878603	-0.1439374	-0.067825615	-0.15797445	0.17445332	0.13868351	-0.1396481	0.08282969	0.14886326
-0.22326916	-0.27574283	-0.20820881	0.2855623	-0.2531187	0.24237317	-0.22140114	-0.1855634	0.22095883	0.2358533	0.19825019	-0.18272406	-0.26302278	0.21768169	-0.27105427	-0.23930083
0.26683944	0.24527256	0.3301252	-0.32874468	0.29962474	-0.26086745	0.27722242	0.24819069	-0.27424008	-0.3274306	-0.28840098	0.2803171	0.25837973	-0.30126178	0.3043972	0.25190878
-0.62633836	-0.68269515	-0.5993777	0.6608039	-0.5691319	0.62461066	-0.6652405	-0.56091857	0.5393307	0.6447693	0.60914665	-0.6350005	-0.67505527	0.62692344	-0.62786734	-0.6004957
0.030087205	-0.002120872	-0.064171456	0.002553495	-0.055742364	0.033000935	-0.00838112	-0.014617298	-0.01196152	0.043540355	0.050251756	-0.05989341	0.0040810714	0.0012040923	0.012802842	-0.033599995
-0.07505352	-0.11522961	-0.11880579	0.12089941	-0.13459793	0.1061424	-0.15730117	-0.080004916	0.06059299	0.05964277	0.066542074	-0.0918747	-0.06148826	0.07458476	-0.07821809	-0.09569112
0.40300253	0.36305702	0.3828075	-0.45772326	0.35001063	-0.3598721	0.4617794	0.3283912	-0.34421122	-0.4768544	-0.3814002	0.34568572	0.45154247	-0.39726257	0.43924487	0.43579552
0.4291874	0.37001967	0.38205776	-0.432817	0.39873806	-0.39530134	0.47313315	0.4025756	-0.34912878	-0.46226427	-0.35180146	0.40418306	0.3698418	-0.44535676	0.4192378	0.42395326
0.6283458	0.5985544	0.61900496	-0.6062803	0.55898964	-0.5518478	0.6276606	0.5123349	-0.59831667	-0.62902826	-0.59853506	0.54300433	0.54014885	-0.5579468	0.5676635	0.60424817
0.22336832	0.20040609	0.21960871	-0.15139744	0.21644321	-0.1724093	0.15976724	0.16207416	-0.16355106	-0.22318724	-0.22254193	0.19790013	0.23610786	-0.2024857	0.13086586	0.21828912
-0.11313074	-0.108638145	-0.15701695	0.13414162	-0.11825388	0.14505799	-0.13140973	-0.13760504	0.1085775	0.14428143	0.17131396	-0.0802121	-0.09295442	0.07712108	-0.109401636	-0.110933796
0.16431941	0.22610876	0.20292045	-0.22228478	0.22108513	-0.25822085	0.2030422	0.14437787	-0.1993581	-0.18563458	-0.18641293	0.17133632	0.23440361	-0.23361251	0.16724674	0.21797666
-0.013136132	-0.034433108	0.03345982	0.020961663	-0.014553907	-0.052162047	0.012762937	0.031583436	0.022352457	0.04171646	0.03131005	-0.0041273516	-0.013588411	0.0066417553	0.039088856	0.016843166
-0.19923458	-0.14893456	-0.19724062	0.21592027	-0.13783625	0.12780553	-0.19141507	-0.1255543	0.14087063	0.13351782	0.10818465	-0.17310113	-0.17552365	0.11905356	-0.16434789	-0.14127707
-0.22501804	-0.25439534	-0.21486871	0.24329144	-0.2865784	0.2216895	-0.26536453	-0.24257417	0.26318085	0.2774829	0.28207928	-0.26421165	-0.26349077	0.3000012	-0.26098946	-0.27866098
-0.31039155	-0.3729845	-0.28238034	0.34593046	-0.28542876	0.33683267	-0.3610541	-0.25560158	0.29103702	0.3306101	0.258251	-0.3347907	-0.32308426	0.32611883	-0.26462096	-0.29545507
0.05419386	0.069483936	0.046558402	-0.048675902	0.010496591	-0.07211857	0.019592755	0.030267524	-0.030284267	-0.06891748	-0.008751899	0.04654069	0.03692149	-0.04162672	-0.00014679105	0.052052535
-0.10384396	-0.028876875	-0.084359996	0.0962721	-0.071573496	0.088309914	-0.06282515	-0.08658955	0.098623104	0.10858418	-0.002981621	-0.0440182	-0.035302427	0.02791444	-0.111255236	-0.10456128
0.31675726	0.2461745	0.37906972	-0.27107108	0.2822105	-0.26785538	0.35463473	0.2937234	-0.2618918	-0.26472276	-0.36382872	0.27757424	0.2961635	-0.28810048	0.2982332	0.3160164
-0.13642772	-0.09321012	-0.12661634	0.13604917	-0.12539497	0.102681994	-0.09239732	-0.04220737	0.1367408	0.107514605	0.059275005	-0.06751186	-0.057144206	0.104880646	-0.10885042	-0.13241181
-0.12038673	-0.083020486	-0.14482681	0.12035203	-0.0675875	0.1344146	-0.0929258	-0.05827362	0.116624326	0.060923763	0.16367355	-0.11828193	-0.13758741	0.15070954	-0.10707296	-0.12761545
-0.33404472	-0.29304576	-0.33235753	0.36801818	-0.2770798	0.33475167	-0.3670173	-0.27331376	0.3873286	0.3615483	0.36163235	-0.38127822	-0.38477695	0.3041543	-0.28424618	-0.36493444
-0.23896748	-0.26159564	-0.25262356	0.27801076	-0.22184093	0.25025317	-0.24102479	-0.215069	0.21513423	0.2169997	0.20779993	-0.2282647	-0.24682848	0.24788375	-0.25588587	-0.257461
-0.06428207	-0.0992789	-0.069666274	0.11331505	-0.10373709	0.05123545	-0.049600013	-0.024768	0.08103905	0.07687837	0.11949547	-0.100170895	-0.020744922	0.038063925	-0.07191101	-0.098362714
0.51735175	0.4203743	0.5410218	-0.4956069	0.49131423	-0.4754141	0.5043444	0.37229803	-0.40746716	-0.50622755	-0.5112693	0.4307082	0.4321425	-0.4606218	0.46458918	0.43830183
0.4586939	0.38381582	0.46066558	-0.35855132	0.41681674	-0.38400027	0.43511936	0.3703808	-0.43005362	-0.38841006	-0.42983985	0.35515186	0.37220195	-0.3371483	0.3625575	0.3686966
-0.00021404125	-0.045525033	-0.03797913	0.037981395	-0.024228465	0.004552073	-0.09041815	-0.06411567	0.043277066	0.05094424	0.030961726	4.6808564e-05	-0.06167618	0.018534342	-0.08341821	-0.035549086
0.021003745	0.011439477	-0.009102083	-0.004106036	-0.05900029	0.02414055	-0.04675866	0.0073083686	0.057754695	-0.0019394612	2.9718074e-05	0.019126948	-0.047279883	0.03870885	-0.01588958	-0.004611361
0.7300206	0.6168742	0.6613862	-0.66353685	0.66310644	-0.66420084	0.68325835	0.5278039	-0.6211118	-0.67336226	-0.61691266	0.60710126	0.61030847	-0.62981325	0.6313671	0.59534323
0.10931823	0.06147256	0.10553561	-0.1377531	0.14670967	-0.112855256	0.11437356	0.096678086	-0.10407262	-0.11133046	-0.11332435	0.1052609	0.13997461	-0.1582391	0.14599341	0.11095455
-0.1768853	-0.17069906	-0.0831079	0.12596422	-0.12696125	0.119074225	-0.096632786	-0.17638592	0.19207336	0.12662414	0.12922728	-0.13811491	-0.1394424	0.10289156	-0.16983375	-0.16808246
0.55382377	0.49614847	0.5443562	-0.5465725	0.55271024	-0.5682037	0.5786172	0.4810738	-0.56054556	-0.5739196	-0.50732005	0.5615983	0.54232967	-0.4879458	0.49700752	0.55304617
-0.22346056	-0.22744206	-0.21658804	0.26130164	-0.19523364	0.2303937	-0.20413493	-0.16033736	0.17617781	0.22809483	0.13150543	-0.18475331	-0.21156155	0.1953256	-0.20718804	-0.23342346
-0.37496245	-0.37546533	-0.37070462	0.3208797	-0.4005685	0.30149338	-0.4068881	-0.35488436	0.37762648	0.33663458	0.33493543	-0.38342974	-0.33434996	0.3045019	-0.3220721	-0.32856113
0.17110588	0.17339729	0.104482375	-0.08782084	0.1583541	-0.15359655	0.12573352	0.15996468	-0.07079533	-0.106535874	-0.11199707	0.1686147	0.12878692	-0.07885463	0.090819806	0.16354282
0.7639496	0.64573026	0.7604292	-0.6350297	0.66388875	-0.6632044	0.76730615	0.5721452	-0.6631641	-0.73604685	-0.6607305	0.6484227	0.632589	-0.605414	0.69293064	0.6665075
0.47542316	0.3899853	0.4571239	-0.46957982	0.44115877	-0.3980368	0.48260218	0.3427256	-0.44695634	-0.407137	-0.45916426	0.38653862	0.39690012	-0.4103297	0.4314316	0.44154873
0.41042757	0.46492174	0.42856523	-0.43070108	0.42278072	-0.40134442	0.4281692	0.34173554	-0.45119908	-0.4192511	-0.4432592	0.45532405	0.41093752	-0.4255666	0.39359003	0.38651785
0.73214155	0.6204376	0.70463586	-0.70961404	0.63265735	-0.6787614	0.6982609	0.51129574	-0.66335064	-0.69405633	-0.68247056	0.6314664	0.6201664	-0.63428575	0.64670867	0.6230294
0.20334037	0.17004023	0.21431166	-0.24042127	0.24189138	-0.25022814	0.23930457	0.19626302	-0.16467123	-0.19258857	-0.21419305	0.21210235	0.21548931	-0.17658603	0.26037169	0.24770635
0.26687604	0.26732305	0.25005364	-0.28663912	0.2577965	-0.22877516	0.3096185	0.1931951	-0.24053736	-0.26227364	-0.24860114	0.22347583	0.21165638	-0.19982024	0.2857954	0.2778934
0.6776019	0.56449485	0.56406707	-0.626283	0.581049	-0.5240628	0.68888885	0.4831258	-0.5844693	-0.58372384	-0.6271257	0.5368447	0.6081585	-0.51002383	0.56412154	0.5558712
-0.045184143	-0.051522832	0.00922298	0.031482786	-0.06463243	0.052106254	-0.058783714	-0.072085395	0.031237083	0.07859938	-0.017444577	-0.010208959	-0.05296981	-0.005038831	0.0013708044	0.003151753
0.4410517	0.36708358	0.39718828	-0.34641817	0.32868963	-0.351116	0.4571426	0.33648297	-0.3467538	-0.35906637	-0.43970677	0.37691087	0.38238397	-0.34984446	0.39417893	0.41797695
0.23012035	0.22818676	0.21405214	-0.28435752	0.23339385	-0.21595858	0.2135195	0.21084966	-0.20838371	-0.2418607	-0.1444679	0.19173227	0.20511672	-0.231372	0.20479625	0.23078367
0.75012887	0.72637546	0.7379111	-0.742506	0.64210355	-0.70429635	0.73411334	0.5550002	-0.6470571	-0.67742574	-0.65204	0.65966356	0.6811139	-0.68324494	0.655209	0.6403123
-0.19658357	-0.1716092	-0.13143721	0.14200269	-0.14570145	0.16293395	-0.20294717	-0.11343878	0.19373706	0.21366197	0.10264979	-0.21883267	-0.20927295	0.20165074	-0.2186698	-0.19349743
0.11014146	0.030620579	0.1145324	-0.10520534	0.09249498	-0.052656718	0.11716298	0.03568965	-0.052059636	-0.08590077	-0.057967167	0.11998116	0.057718962	-0.02892513	0.119744696	0.12317917
0.08870505	0.06639581	0.05841414	-0.109882	0.046113923	-0.10963045	0.107355356	0.10130009	-0.1324316	-0.034728184	-0.09834329	0.12927166	0.050475553	-0.044939816	0.09209133	0.063389316
-0.13515493	-0.15146945	-0.12885442	0.21836387	-0.15121263	0.20844941	-0.17641716	-0.10974694	0.20313057	0.14157689	0.09257482	-0.13876224	-0.12692107	0.2078721	-0.2072018	-0.19676648
0.0016564415	-0.09047118	-0.09326411	0.053277038	-0.03344019	0.023190876	-0.056994375	-0.011986128	0.05157305	0.00039986364	0.14973605	-0.018418482	-0.09497177	0.018642992	-0.009797276	-0.049252097
-0.09370204	-0.13537587	-0.18479568	0.15923253	-0.11064398	0.11364735	-0.14682838	-0.0654913	0.14037263	0.05851425	0.17352471	-0.14305241	-0.089280896	0.09321955	-0.06693295	-0.17667328
-0.12567534	-0.11616398	-0.099599645	0.13876224	-0.159668	0.0832465	-0.16962388	-0.07186788	0.060905363	0.10490799	0.15432766	-0.12867045	-0.14425904	0.16336739	-0.1185951	-0.11258807
0.12816489	0.07002738	0.12465834	-0.055249	0.098686464	-0.09200422	0.11960024	0.0635166	-0.11280428	-0.03349908	-0.15542951	0.123144075	0.03101759	-0.061280023	0.053974956	0.08458916
0.12931639	0.19006419	0.10845901	-0.106764734	0.073032744	-0.16071723	0.1334386	0.089582115	-0.1194807	-0.17938843	-0.13684192	0.14819646	0.1567478	-0.15739083	0.106564365	0.11206312
0.6598522	0.57718676	0.6237204	-0.6023677	0.5701766	-0.58100337	0.59308124	0.46101508	-0.5661039	-0.6058295	-0.5812466	0.5855428	0.6224596	-0.57323253	0.5509507	0.5708473
0.07969574	0.04997829	0.10558563	-0.091648966	0.08138866	-0.057705443	0.08487494	0.0582141	-0.08832293	-0.12991384	-0.10140103	0.07872215	0.13471122	-0.101246715	0.0721401	0.029580167
0.01178589	0.02752785	0.061143663	0.011042356	-0.029120648	-0.0049785753	-0.0048419144	-0.0061121164	0.026034473	-0.010060895	0.017108617	0.00052405556	-0.00877091	-0.040043287	0.054509643	0.013534037
0.00024711524	-0.029778691	-0.03714164	0.035985008	-0.0072679115	0.020021103	-0.01838343	-0.058419965	0.008654525	-0.017845888	-0.05259243	0.01969145	-0.014043818	0.017842773	0.028222563	-0.012863038
0.22221023	0.13645232	0.2277013	-0.16593792	0.2530122	-0.17039557	0.18373956	0.1847327	-0.15996698	-0.17687036	-0.23270978	0.21974455	0.19539958	-0.20850798	0.21302375	0.20264032
-0.022406138	-0.04901358	-0.026991425	0.05834439	-0.015541087	0.08450203	-0.059662845	-0.095578365	0.083790325	0.06915828	0.0076720673	-0.029820127	-0.03699847	0.104279585	-0.042935353	-0.02525232
0.06749484	-0.0024202806	0.037298117	-0.010414897	0.06729568	-0.02965055	0.01478209	0.051776383	-0.0057623126	0.019801864	-0.08992231	0.021005007	0.059155084	-0.018416738	0.052490838	0.05906475
-0.18141964	-0.1997781	-0.18713821	0.16028474	-0.12968609	0.17006962	-0.12065961	-0.16374317	0.159273	0.13161705	0.12068996	-0.14511475	-0.19482498	0.19172846	-0.19978513	-0.17943233
0.114013016	0.088177785	0.05311529	-0.068948664	0.14336954	-0.13339631	0.122648686	0.040360816	-0.11111048	-0.056052677	-0.069799766	0.13421556	0.036256634	-0.048334915	0.10854214	0.1219397
0.023647802	0.07428355	0.061315384	-0.046165194	0.020899918	-0.04561477	0.0029901098	0.0029112243	-0.01583399	-0.03952501	-0.09051509	0.07728089	0.015881829	-0.077198215	0.07154936	0.07448843
-0.4448728	-0.37984642	-0.33647618	0.3792203	-0.3360588	0.38863075	-0.37269172	-0.29934064	0.40137866	0.39945248	0.37151343	-0.40195864	-0.43541873	0.3830537	-0.41170126	-0.43195868
0.47865763	0.45549306	0.5086023	-0.38867393	0.4461368	-0.47071937	0.47346443	0.3922591	-0.370256	-0.4112399	-0.48582032	0.40270773	0.38354507	-0.39517763	0.48608872	0.41299757
-0.5729902	-0.52834356	-0.47439352	0.5646432	-0.554494	0.50444907	-0.508822	-0.45835808	0.44268042	0.50454897	0.47708344	-0.46309957	-0.5151557	0.49454412	-0.5095232	-0.44707
-0.34999004	-0.40779984	-0.35480294	0.35094678	-0.37843415	0.39319488	-0.42117816	-0.33998165	0.3780376	0.38750562	0.3149066	-0.35713792	-0.4033106	0.33744842	-0.30612215	-0.31271031
0.17115168	0.11773311	0.19394696	-0.19881843	0.1345294	-0.1080128	0.12323347	0.17686865	-0.09297788	-0.17427024	-0.08042557	0.16491081	0.17180227	-0.120718285	0.15906328	0.11856576
0.12828228	0.051582973	0.042015295	-0.038142744	0.08281237	-0.1136355	0.09854709	0.05632782	-0.019039834	-0.04743038	-0.012845389	0.05201449	0.07132634	-0.060140617	0.10749362	0.032401435
0.47503248	0.4012974	0.46832472	-0.43957394	0.34949842	-0.41970327	0.44584846	0.2990418	-0.36420384	-0.42046165	-0.39467853	0.42782003	0.39185253	-0.43471855	0.43208075	0.39613184
0.025838563	-0.032729764	0.004071335	0.040000595	0.028095484	0.016128957	-0.045044716	0.019758984	0.05370577	0.033213772	0.00076419755	-0.02261416	-0.040211536	0.011530997	0.003759595	-0.062382303
-0.0036481833	-0.027814554	-0.020495832	0.037169833	-0.018083893	-0.0027581886	0.00212367	0.04318539	-0.0027126202	-0.00734113	0.013780856	0.044326622	-0.028209746	-0.021981481	0.022177603	0.013479424
0.7462039	0.6651394	0.727347	-0.716879	0.64323837	-0.6370459	0.7336795	0.5551646	-0.6696526	-0.6733015	-0.7481508	0.6248911	0.66115576	-0.67692333	0.6474516	0.65094995
0.4196558	0.3309523	0.3693779	-0.37970942	0.35825196	-0.37619606	0.3853705	0.30110914	-0.40183517	-0.38264832	-0.37601504	0.3430907	0.4236347	-0.3450444	0.33926407	0.33020085
0.6387679	0.6577788	0.6681407	-0.6636161	0.5947496	-0.6064009	0.6628141	0.5114385	-0.52559966	-0.5921369	-0.6155129	0.6603262	0.6197736	-0.5957944	0.64088136	0.5642777
0.37647587	0.34078997	0.385897	-0.4140819	0.39977765	-0.40202782	0.41237664	0.383236	-0.40422416	-0.38170937	-0.3419321	0.4242979	0.38226205	-0.4052119	0.33695763	0.41656092
-0.16536638	-0.16794303	-0.18458784	0.15010598	-0.18196452	0.17363544	-0.15320869	-0.12876925	0.1754605	0.21662961	0.16428845	-0.20148143	-0.21233496	0.14640795	-0.1520322	-0.15388598
-0.5623558	-0.5311651	-0.56768507	0.52263004	-0.5119046	0.49435008	-0.5812343	-0.49529827	0.53660053	0.5228224	0.46337	-0.5485877	-0.51811314	0.55453485	-0.5722529	-0.54675233
0.37379646	0.2971634	0.3640243	-0.31852776	0.35842177	-0.3110367	0.34164816	0.25207216	-0.3136068	-0.33476615	-0.2853556	0.26164195	0.2555038	-0.29821968	0.35788432	0.30352277
0.6119143	0.6232669	0.5559875	-0.64869183	0.5533249	-0.56725484	0.62348855	0.5335569	-0.5375001	-0.60136056	-0.5781202	0.5551661	0.61029	-0.5910734	0.65507716	0.59030735
-0.19159998	-0.19704817	-0.2538712	0.25467557	-0.20669912	0.23876968	-0.27005434	-0.17681548	0.26277876	0.25885662	0.23383065	-0.24438854	-0.16711065	0.15712751	-0.2467555	-0.15129055
0.6948461	0.6733318	0.72367954	-0.7529926	0.6831294	-0.6671952	0.6982276	0.5495726	-0.6669819	-0.7100274	-0.70375144	0.67109114	0.6764588	-0.6827943	0.6536226	0.66535664
0.7430378	0.65693015	0.6477868	-0.6667765	0.65933913	-0.627294	0.69469845	0.58838886	-0.62648094	-0.6246698	-0.6585991	0.65607536	0.6633328	-0.6601538	0.680396	0.6073182
-0.15809664	-0.115805276	-0.11742533	0.1810834	-0.12949906	0.14568137	-0.16652511	-0.1623777	0.13134445	0.114977606	0.13325565	-0.16872303	-0.15734284	0.10071052	-0.081585236	-0.124676496
0.27034444	0.20482035	0.1980845	-0.18287754	0.20040834	-0.1773083	0.2031959	0.14985923	-0.21903504	-0.24211241	-0.27184847	0.16235594	0.17953783	-0.23653322	0.2190158	0.24907498
0.19493686	0.11283227	0.1424325	-0.15640697	0.21749955	-0.108963065	0.19650039	0.09699549	-0.18032423	-0.16585782	-0.1378515	0.14683609	0.16705582	-0.16960433	0.20820938	0.20222999
0.004940573	0.021570778	0.051724106	-0.016082956	0.005134265	-0.031256154	0.0576218	0.01218709	0.028484106	0.008464191	-0.06596754	0.037377022	-0.04455807	-0.058143925	-0.019402163	0.0290185
-0.07008638	-0.085467085	-0.085055694	0.08956063	-0.08014551	0.05335909	-0.09842309	-0.09722706	0.14407955	0.0852841	0.116566144	-0.04278894	-0.06895859	0.07762697	-0.06465174	-0.12792829
-0.168272	-0.1647173	-0.16594745	0.20590559	-0.147853	0.14786676	-0.22904937	-0.12278074	0.14954875	0.17619102	0.12705036	-0.16955236	-0.13913977	0.16069625	-0.22408053	-0.18412314
0.06896119	-0.0002818869	0.1002802	-0.025999079	0.098165765	-0.022716247	0.051441096	0.0009924101	-0.053305347	-0.056743994	-0.084937364	0.08764858	-0.01565485	-0.015283495	0.01577193	0.058244254
0.6272447	0.526988	0.5530475	-0.58886904	0.6003795	-0.55874634	0.6199014	0.44879177	-0.5709925	-0.5408001	-0.56299615	0.50788206	0.5509433	-0.5205725	0.558333	0.544326
-0.13208482	-0.10137894	-0.08628646	0.07859012	-0.108533956	0.0706616	-0.09332499	-0.08436931	0.11820947	0.08769729	0.06690382	-0.07844707	-0.14590573	0.087334044	-0.09725415	-0.102013946
-0.10272556	-0.13527349	-0.11159176	0.13941054	-0.11907738	0.14314668	-0.16113485	-0.09992712	0.088923834	0.08919799	0.14477058	-0.120905936	-0.094334535	0.11356855	-0.08557961	-0.09331593
-0.47588915	-0.44483167	-0.49471974	0.4999478	-0.4212795	0.51182353	-0.5496748	-0.4418398	0.42977285	0.4607267	0.43507597	-0.49218902	-0.4665369	0.4306975	-0.45715985	-0.42320666
-0.068018004	-0.09335603	-0.098197296	0.10051045	-0.034197923	0.14117685	-0.05881081	-0.0858885	0.06452111	0.078786	0.027920246	-0.107610755	-0.13820896	0.07724126	-0.14182895	-0.052882027
0.030047206	0.105809875	0.05443647	-0.04393581	0.09218961	-0.044854403	0.1280863	0.06704747	-0.043113884	-0.046066318	-0.11619754	0.033736784	0.077405505	-0.09267764	0.08964306	0.08903758
0.17954727	0.19355303	0.15654118	-0.119093664	0.107906826	-0.11980976	0.18022972	0.1402234	-0.15148713	-0.16069129	-0.07998682	0.17179662	0.15151457	-0.0980957	0.19158378	0.1596728
0.10631287	0.061565682	0.12528548	-0.013676236	0.085555315	-0.01931897	0.03196049	0.017195055	-0.03634055	-0.095922776	-0.12725912	0.06986965	0.08163669	-0.016821986	0.086573556	0.10155065
-0.23097318	-0.25076374	-0.19977838	0.21239541	-0.27051133	0.24140616	-0.23106664	-0.16646276	0.2480751	0.27150708	0.25398958	-0.20040056	-0.24111569	0.26120394	-0.23241965	-0.21645145
0.66122323	0.6334602	0.6672858	-0.61837	0.6473969	-0.6142468	0.6610466	0.52532274	-0.62514716	-0.6479102	-0.6319404	0.6000253	0.6093404	-0.5811547	0.5636819	0.60072994
0.40744475	0.39834625	0.3560108	-0.3633742	0.3931603	-0.30889088	0.39483654	0.2612757	-0.34475523	-0.3522935	-0.3791917	0.3355419	0.3526303	-0.3841391	0.36694267	0.3294496
0.46368393	0.42821693	0.42717522	-0.42765334	0.4846846	-0.43236807	0.43338805	0.40904164	-0.3403007	-0.42555445	-0.40513358	0.41760087	0.44016248	-0.44237265	0.41655588	0.43568483
0.52895707	0.3953859	0.45213208	-0.4774425	0.49495152	-0.4552654	0.5408094	0.37131187	-0.43139982	-0.47286564	-0.49992067	0.39244717	0.4816224	-0.4211807	0.48310336	0.43026182
0.28323948	0.26942506	0.34939748	-0.30876055	0.33812436	-0.34026974	0.36293954	0.28445646	-0.2592621	-0.31566402	-0.29569823	0.3517363	0.3177751	-0.29131028	0.2836336	0.32367566
0.5978237	0.50451267	0.62670785	-0.53614086	0.5941992	-0.58436877	0.58524656	0.4760327	-0.5488568	-0.53492874	-0.5588497	0.5708795	0.5768667	-0.5131322	0.5208332	0.56257933
-0.10276127	-0.01674095	-0.06580455	0.0063339416	-0.09357064	0.06565051	-0.04891817	-0.042957466	0.10571956	0.012858631	0.07988992	-0.021016289	-0.04887124	0.09235265	-0.09667591	-0.052508507
-0.2918496	-0.3158481	-0.21324192	0.3243961	-0.24922031	0.28129464	-0.26317862	-0.27602884	0.23752433	0.2793878	0.22582069	-0.3020958	-0.28562948	0.27152205	-0.23395218	-0.25809082
-0.041945834	-0.058627833	-0.03963311	0.051908128	-0.08667107	0.09139318	-0.11061666	-0.056112655	0.07432979	0.035465486	0.1113652	-0.110644825	-0.037788436	0.063444175	-0.038417593	-0.035213057
-0.14500669	-0.06553568	-0.11554986	0.061600644	-0.06968977	0.095171265	-0.07309514	-0.07191113	0.15352328	0.0922827	0.10496389	-0.07452413	-0.11488812	0.11978782	-0.08951665	-0.048517805
-0.48671278	-0.4962337	-0.52550197	0.5018083	-0.49798292	0.4538739	-0.5257377	-0.45045212	0.43220267	0.52663594	0.436696	-0.51416373	-0.50888646	0.43465894	-0.5159788	-0.5187141
-0.19993372	-0.22151735	-0.13761903	0.23975956	-0.17855608	0.19286086	-0.22254494	-0.13598076	0.21051459	0.2440094	0.19267465	-0.20293508	-0.16756463	0.23237522	-0.16279982	-0.12977517
0.1057619	0.09539515	0.014484231	-0.014573527	0.090018086	-0.07298921	0.05666997	0.028704895	-0.049224246	-0.108758494	-0.037843782	0.0324935	0.09046182	-0.083841	0.020825936	0.0907545
0.35967508	0.3502205	0.36127546	-0.32167438	0.30083415	-0.33455837	0.32988712	0.3170418	-0.3289504	-0.30006373	-0.34489775	0.37068743	0.39138114	-0.2988209	0.3530988	0.30642638
0.5859057	0.56850266	0.62572664	-0.62492883	0.56356436	-0.60968673	0.6982335	0.49783015	-0.54116637	-0.608098	-0.6588908	0.5981144	0.60677356	-0.6280843	0.57241076	0.5895714
-0.62701285	-0.6412305	-0.6319118	0.59247357	-0.6137035	0.55470777	-0.608627	-0.56235975	0.6279685	0.58222616	0.55846596	-0.54200786	-0.5702677	0.60587084	-0.60389006	-0.5433682
0.26694652	0.2424451	0.2469625	-0.22198772	0.2006213	-0.22916816	0.27344194	0.20441407	-0.17307389	-0.22695918	-0.21888462	0.2559868	0.21651042	-0.2126529	0.25087476	0.21205151
-0.5961682	-0.5792019	-0.6169195	0.58905035	-0.58805233	0.6220963	-0.64709187	-0.5627313	0.60113674	0.6544234	0.5502393	-0.61897516	-0.5509202	0.6308512	-0.60912424	-0.5753197
-0.6644457	-0.5797929	-0.61215407	0.60997003	-0.55762225	0.58115554	-0.6548141	-0.5647133	0.5433326	0.6408946	0.56625277	-0.5812688	-0.61012167	0.64611953	-0.5829469	-0.64775133
-0.4756637	-0.46802914	-0.50931376	0.46987167	-0.48484257	0.4281267	-0.46015215	-0.3893591	0.46841773	0.491809	0.45687667	-0.41338933	-0.49028665	0.40831077	-0.42263433	-0.42354572
0.28778145	0.29604617	0.30793044	-0.34013557	0.34056216	-0.2562597	0.32804114	0.21253437	-0.28489688	-0.31419936	-0.3283774	0.25531137	0.27691862	-0.26100802	0.27216592	0.24805586
-0.11920928	-0.16742685	-0.14454374	0.14964269	-0.18335907	0.13516605	-0.16075961	-0.12762327	0.1636585	0.10798265	0.15586025	-0.14819683	-0.123191655	0.11925833	-0.14574556	-0.10055508
0.030616676	0.0673193	0.072351165	-0.055833623	0.071651354	-0.1152186	0.04669852	0.024408247	-0.115559325	-0.051634923	-0.10405306	0.051351685	0.06683306	-0.042155903	0.042415313	0.05989681
0.049541082	0.10753804	0.014039094	-0.07577631	0.09145927	-0.060169574	0.08947162	0.10568798	-0.09123467	-0.035634518	-0.002158535	0.06905444	0.07440567	-0.0941335	0.020951947	0.108201414
-0.049542528	-0.045440957	-0.03042873	0.050025824	-0.1256037	0.08497581	-0.14204796	-0.11946333	0.100327484	0.10234515	0.0136593245	-0.07474	-0.07721269	0.08623948	-0.047154542	-0.120389275
0.75248575	0.6205237	0.7224066	-0.68921137	0.63423043	-0.6718937	0.6753324	0.5389518	-0.5771239	-0.66909474	-0.6452189	0.6555658	0.6757937	-0.6835982	0.6592019	0.65750545
0.1422632	0.1315167	0.19581088	-0.15260348	0.12198364	-0.11994875	0.18297033	0.09645462	-0.093352094	-0.20115486	-0.15105489	0.14242502	0.12589216	-0.18838604	0.104358524	0.10867351
0.08001215	0.046970926	0.015815767	-0.036424488	-0.008809597	-0.008351576	0.027231023	0.010415994	-0.0049214927	-0.080761656	0.015196164	0.09515932	0.071026444	-0.010316053	0.05874257	0.08788609
-0.15037754	-0.1226743	-0.1122524	0.08935385	-0.11160408	0.1261652	-0.11223829	-0.1290204	0.0769915	0.116423875	0.08219346	-0.13750334	-0.08350254	0.07745862	-0.060103994	-0.14527477
0.4865026	0.397131	0.43976364	-0.41848627	0.44867405	-0.44968525	0.4447085	0.3024824	-0.34590465	-0.41520235	-0.38572696	0.4537618	0.3828261	-0.3725234	0.36148754	0.41268307
0.677728	0.6092108	0.60648197	-0.6631606	0.5700529	-0.6370629	0.63323224	0.5778497	-0.55231684	-0.6565175	-0.5737243	0.59345406	0.62166333	-0.5995165	0.58649594	0.557896
-0.111989185	-0.05830443	-0.0995338	0.033736374	-0.06866923	0.11372107	-0.04840601	-0.10076847	0.1143309	0.07326829	0.05104607	-0.031380113	-0.045277175	0.015839528	-0.0588708	-0.097252764
0.3545223	0.37275836	0.3514196	-0.33049828	0.37612396	-0.3065541	0.39538082	0.3063983	-0.36346686	-0.30367532	-0.2833371	0.28605396	0.38327903	-0.3151356	0.29690325	0.3109514
0.7173428	0.6628545	0.6837414	-0.63643396	0.61384827	-0.5892055	0.72967684	0.5169807	-0.61815363	-0.63135314	-0.68063235	0.64737445	0.59288204	-0.58762485	0.6179835	0.5799854
0.34920132	0.346832	0.34499002	-0.3221867	0.30690798	-0.37485415	0.4062993	0.27856666	-0.31054413	-0.37425143	-0.31722873	0.29660717	0.35450587	-0.37314755	0.31599677	0.29029262
0.53746206	0.46983016	0.4996855	-0.5098691	0.5100698	-0.5100836	0.50948286	0.4110994	-0.50475734	-0.49569404	-0.50462	0.46445966	0.5466981	-0.47885793	0.5002579	0.43917406
-0.10417923	-0.05257606	-0.057511415	0.104114324	-0.0424821	0.095111735	-0.066038646	-0.06186853	0.017344784	0.11704275	0.009887215	-0.061678704	-0.077465124	0.060362633	-0.08305931	-0.08560665
-0.18734384	-0.20003909	-0.16201533	0.18945728	-0.1540792	0.19427755	-0.24177507	-0.17050543	0.21921805	0.20930356	0.23655559	-0.12521501	-0.2257933	0.2059146	-0.20877978	-0.16132407
-0.11510282	-0.077103674	-0.103956625	0.082118705	-0.099401735	0.06241061	-0.085319534	-0.06155208	0.053359512	0.092578664	0.08542427	-0.08541771	-0.055707984	0.11289054	-0.11170213	-0.07492762
-0.2930185	-0.2783072	-0.30026743	0.2949628	-0.27096146	0.24539444	-0.34461388	-0.20692953	0.26822188	0.3333758	0.2165511	-0.27595967	-0.32450905	0.22628912	-0.28940645	-0.22606188
-0.45602646	-0.4500874	-0.41286066	0.46674713	-0.43635005	0.388176	-0.41264185	-0.4034037	0.39849782	0.4923152	0.41764876	-0.38515034	-0.41688648	0.38224003	-0.48603168	-0.4255344
-0.5704734	-0.48389086	-0.52928215	0.54229945	-0.5319142	0.46979278	-0.5015528	-0.42549667	0.50125605	0.5179699	0.4839297	-0.49108154	-0.55099714	0.5431212	-0.52830714	-0.48121
-0.3465461	-0.24514213	-0.34080556	0.37596852	-0.31546283	0.36440396	-0.28191683	-0.2887012	0.37500867	0.27496967	0.34326717	-0.34463668	-0.28892687	0.35019156	-0.33968472	-0.34106228
-0.13126814	-0.1765231	-0.17429857	0.18833761	-0.08933952	0.19167322	-0.15376604	-0.14136413	0.17062783	0.11196569	0.069604866	-0.17312524	-0.16062541	0.13273196	-0.16163784	-0.10073114
-0.5284119	-0.50640774	-0.56797606	0.5099109	-0.54178107	0.53449744	-0.5774454	-0.43213788	0.4777644	0.5640087	0.53953046	-0.5312136	-0.5220614	0.5665823	-0.5158206	-0.5278806
-0.27727488	-0.2518396	-0.2732431	0.22349297	-0.2099371	0.20385832	-0.28139642	-0.21555352	0.17886862	0.28975216	0.18733707	-0.21891464	-0.2069503	0.22495307	-0.2810898	-0.28741685
0.21454309	0.23829973	0.26342133	-0.23199248	0.21390097	-0.2686714	0.27254692	0.19778885	-0.19464093	-0.27664867	-0.20016256	0.23567529	0.23574373	-0.20710263	0.2764395	0.26904276
-0.050749432	-0.017513938	-0.00525478	0.0775937	-0.028967284	0.011437667	-0.051264226	-0.025819438	0.037489958	0.008456076	0.04271462	-0.082614765	-0.09673586	0.063588485	-0.07405306	-0.031589266
-0.18112281	-0.13622023	-0.13406649	0.20880073	-0.16015995	0.18913125	-0.2140169	-0.15593022	0.111770034	0.21166319	0.14888121	-0.15581845	-0.1330418	0.1554356	-0.1683394	-0.118972115
-0.20100647	-0.21441229	-0.1298181	0.19827098	-0.11986223	0.21959668	-0.20989183	-0.1661223	0.20875017	0.20573235	0.13000901	-0.20525028	-0.21766523	0.15194578	-0.25034046	-0.1984468
0.20589301	0.26610792	0.26951045	-0.17160982	0.26272395	-0.21072832	0.2265712	0.2047093	-0.23015267	-0.24788481	-0.2127027	0.2337692	0.22863787	-0.2505303	0.18194388	0.25032413
-0.17137694	-0.1753068	-0.1633063	0.21168166	-0.19156697	0.20737591	-0.234885	-0.13790816	0.14665778	0.22823676	0.11366482	-0.18644948	-0.23567577	0.20485252	-0.18415472	-0.12740171
-0.15029363	-0.13941371	-0.17500392	0.11910737	-0.15125541	0.18203446	-0.1671054	-0.13175458	0.20520164	0.18336591	0.20365387	-0.20691215	-0.14913885	0.11906122	-0.11083501	-0.1549646
0.086610295	0.10284475	0.047580503	-0.11198066	0.11173789	-0.059559423	0.12671353	0.121321425	-0.033519585	-0.0788607	0.00680718	0.114050455	0.094915725	-0.04279955	0.1253585	0.048330568
-0.15886503	-0.14215621	-0.19215246	0.13075593	-0.12991342	0.13867848	-0.15336557	-0.121042274	0.18770571	0.15886351	0.12208222	-0.10936801	-0.17211331	0.16015089	-0.12582082	-0.19204625
-0.06884246	-0.12226931	-0.11504719	0.037343673	-0.12821114	0.1301227	-0.103672184	-0.017890343	0.14748535	0.11387385	0.128576	-0.08514164	-0.07527899	0.06398409	-0.07824539	-0.08964509
-0.042269975	-0.07396812	-0.08533111	0.09034336	0.0040722	-0.012350829	-0.022340234	-0.009296772	0.06109265	0.04024147	-0.00849239	0.0113167325	-0.04571742	-0.0051506395	-0.04248036	-0.057863854
-0.019212555	-0.02374508	0.0021706761	0.033019405	-0.018971898	0.013287679	-0.0008970464	0.033785578	0.0016776297	0.016052604	-0.0097920215	-0.0204062	-0.019438107	-0.019101413	0.04702684	0.04475479
0.071671225	0.043054957	0.04579265	-0.06555722	0.029072838	-0.085706234	0.08429058	0.043603297	-0.092533	-0.11543972	-0.019132225	0.11782092	0.02112333	-0.032494057	0.09590299	0.061953317
-0.45251963	-0.37229237	-0.44031036	0.42641985	-0.34658337	0.38118318	-0.44510737	-0.33368096	0.3903506	0.4086373	0.34732226	-0.32496437	-0.38233203	0.39210594	-0.38535804	-0.41037822
0.14375779	0.13339277	0.1391683	-0.081884265	0.07730282	-0.11227421	0.17071423	0.09109569	-0.11269353	-0.17408028	-0.030335752	0.08429541	0.10021274	-0.077552125	0.119036466	0.12705055
-0.28467506	-0.3188552	-0.32547644	0.34407488	-0.33644345	0.2709314	-0.3083616	-0.22154957	0.30090365	0.27501047	0.30915835	-0.23731308	-0.29947913	0.31441712	-0.28400937	-0.23841557
-0.5278575	-0.50694066	-0.53140634	0.51831293	-0.517344	0.46381447	-0.54693615	-0.426345	0.4084202	0.4786342	0.42225337	-0.42107263	-0.5313552	0.5177266	-0.43094522	-0.43707544
0.23746604	0.2229045	0.24079993	-0.14335018	0.19897705	-0.1609196	0.21069877	0.15339296	-0.1789636	-0.20326298	-0.20997593	0.1947862	0.15477261	-0.16112499	0.1938612	0.18208292
0.38697195	0.35791385	0.4255887	-0.33339703	0.40260017	-0.4001917	0.39707276	0.3013037	-0.31296015	-0.36160022	-0.39138216	0.33403298	0.32984334	-0.3877366	0.3223537	0.35710645
-0.50309587	-0.5036654	-0.5343887	0.54304516	-0.46350035	0.44635293	-0.5371322	-0.40753052	0.44466203	0.53609574	0.48134974	-0.45372206	-0.5430672	0.49889496	-0.518243	-0.47794816
-0.34119105	-0.33242628	-0.3021828	0.30990183	-0.29409012	0.3295336	-0.34009784	-0.24832909	0.29765445	0.33780038	0.3382862	-0.2756152	-0.29650423	0.3133468	-0.35988978	-0.27731937
-0.18923767	-0.14677137	-0.11348564	0.19537711	-0.15478411	0.1838919	-0.14132087	-0.15111743	0.108451314	0.12075256	0.12857908	-0.20446804	-0.09418269	0.13558646	-0.14348492	-0.11991684
-0.0097479755	-0.04817919	-0.015876664	0.010176604	-0.026324052	0.011915015	-0.04840109	-0.040947616	0.066268	0.0140146315	-0.0068923226	-0.07922184	-0.04962333	0.013815792	-0.015625069	-0.07983964
0.46554136	0.4283337	0.46877512	-0.43215162	0.3922954	-0.40197262	0.4899686	0.35391763	-0.38233116	-0.40585318	-0.4266296	0.42238432	0.38206276	-0.4056958	0.44486737	0.37996596
0.10261805	0.07987797	0.090992406	-0.08097602	0.102367595	-0.04642345	0.12745044	0.0826663	-0.13733344	-0.11535116	-0.18263903	0.12570116	0.03968695	-0.11165859	0.09148815	0.080134556
0.05320565	-0.011010116	-0.017761603	-0.022933047	0.05505628	-0.005441322	-0.02372989	-0.042036463	-0.020821717	0.03704444	-0.024736349	0.0064781816	0.021821724	-0.061953086	0.0014583671	-0.01760593
0.10387239	0.0645325	0.039887775	-0.12555249	0.10380817	-0.05276443	0.05927323	0.044646002	-0.10261529	-0.081743926	-0.08940463	0.06842823	0.0713232	-0.1216082	0.042885784	0.07229769
-0.045342043	0.003909043	-0.031186523	0.054177187	0.019849965	-0.025057359	-0.020280052	0.015083463	0.06270462	0.058640648	0.009742019	-0.006309378	-0.013855874	-0.017790651	-0.0006796291	-0.026577031
-0.09847931	-0.004419062	-0.059302505	0.0075141303	-0.02416759	0.05130666	-0.103199676	-0.037034754	0.007950979	0.06650225	0.13954277	-0.04696408	-0.016020125	0.094376534	-0.08139759	-0.087278634
0.07285351	0.061234385	0.0783148	-0.13357988	0.1415863	-0.10536303	0.09849238	0.043285258	-0.066963255	-0.14720573	-0.08835842	0.1457389	0.09367193	-0.09312745	0.062752455	0.13327819
0.039109547	0.05253657	0.052464265	-0.055229962	0.05748935	-0.04193264	0.066374	0.025210261	-0.021120643	-0.08124073	-0.031139819	0.08045729	0.033801474	-0.048267517	0.03533912	0.042886294
-0.46012157	-0.37564605	-0.37854168	0.382612	-0.34829858	0.42976534	-0.44141832	-0.34047738	0.4048077	0.38330668	0.4060303	-0.39431027	-0.42325854	0.42044398	-0.43770683	-0.3429373
0.11168953	0.12003388	0.08076854	-0.065985546	0.116988264	-0.050520107	0.06662063	0.032539338	-0.09132417	-0.022789031	-0.12547983	0.05333513	0.061463933	-0.06999569	0.10277974	0.07876704
-0.34213725	-0.3256046	-0.34999955	0.3318613	-0.3616849	0.31135198	-0.36524197	-0.30285034	0.34153453	0.30239257	0.35537624	-0.27865303	-0.30637488	0.32367533	-0.35688138	-0.34573907
-0.5053	-0.44445074	-0.476044	0.49950233	-0.44565535	0.45337853	-0.4767425	-0.347502	0.45509517	0.48142713	0.40648794	-0.489225	-0.4815309	0.43887508	-0.44168505	-0.43067804
-0.37517822	-0.3682187	-0.35041693	0.4080007	-0.2948931	0.3103335	-0.41509193	-0.28748238	0.31199184	0.3484309	0.27214977	-0.39246514	-0.36428988	0.37474158	-0.37744287	-0.37826318
0.59912455	0.55271655	0.54153895	-0.59153974	0.5550324	-0.50963634	0.5907998	0.4386292	-0.56428534	-0.5600093	-0.60633403	0.5728351	0.5344845	-0.50748205	0.5214868	0.5708793
0.62944955	0.5692433	0.6087091	-0.5504234	0.52496636	-0.509645	0.5659443	0.46057168	-0.5444864	-0.5129953	-0.5307764	0.5660036	0.5009003	-0.5267779	0.5511696	0.5148901
0.21571203	0.24273053	0.2334981	-0.25623077	0.16657221	-0.22635299	0.18414232	0.2022488	-0.27421495	-0.21584013	-0.3007727	0.23339435	0.19070937	-0.22175336	0.1798741	0.23047902
0.07783283	0.057431027	0.099683955	-0.07343973	0.08608452	-0.06586965	0.111098506	0.10148563	-0.077349514	-0.07268494	-0.048189208	0.059238475	0.07915378	-0.12658077	0.114622004	0.08721861
0.5753053	0.57808536	0.5321964	-0.55616635	0.54738665	-0.5650534	0.6022235	0.46282226	-0.5139278	-0.5514194	-0.49012974	0.5317518	0.5776099	-0.51559174	0.5853026	0.5527711
0.034460906	-0.016044771	0.029214246	0.014891425	-0.025782783	-0.02403603	-0.005269822	-0.028833605	0.027356401	-0.015536711	0.06959836	-0.0075360206	-0.05964282	0.057436276	-0.0350746	0.04305439
0.5499882	0.5389089	0.49961123	-0.55075926	0.508336	-0.48894152	0.57290137	0.38871214	-0.48586744	-0.54494435	-0.56807667	0.4786481	0.4921367	-0.51259303	0.4860997	0.5208163
0.06592364	0.026112417	-0.0028592753	-0.016886896	-0.008227542	-0.051651828	0.008642577	-0.025576198	-0.032696277	-0.0050048297	-0.030506544	0.05485988	0.07311907	-0.0670778	-0.011766765	0.025671124
-0.12023477	-0.065571174	-0.099876426	0.1435963	-0.13633913	0.09408353	-0.12783001	-0.14069873	0.11481429	0.16922225	0.06372001	-0.13991737	-0.08932115	0.06772745	-0.14106485	-0.059976194
-0.25273302	-0.23686257	-0.2837382	0.31035998	-0.29894304	0.21960798	-0.3466785	-0.2180356	0.29484928	0.22931668	0.27950615	-0.3020295	-0.22259207	0.2710128	-0.28019378	-0.21438158
-0.15027197	-0.20783085	-0.20030199	0.12991591	-0.18255633	0.20885593	-0.14380689	-0.14825629	0.17732234	0.20575452	0.17922486	-0.16798916	-0.16547066	0.17490675	-0.19136465	-0.12068008
0.34315395	0.34355864	0.25929382	-0.35595858	0.31417456	-0.26644418	0.29516372	0.30068722	-0.25480756	-0.28105998	-0.24898833	0.2526765	0.3406185	-0.27484718	0.27335387	0.2578198
-0.060485657	-0.04943411	-0.11259675	0.08397086	-0.08413908	0.118850656	-0.07710415	-0.10934102	0.086948305	0.10449443	0.036212716	-0.05268801	-0.069737636	0.02226738	-0.09437236	-0.035865244
-0.36726606	-0.33556056	-0.325662	0.29598784	-0.2469227	0.27187324	-0.33537805	-0.23825036	0.2776317	0.2759732	0.21595773	-0.34334067	-0.3303571	0.33466235	-0.27290735	-0.25022107
0.18026635	0.1230814	0.13631977	-0.13484664	0.12311608	-0.12404665	0.13018344	0.09159651	-0.12526932	-0.083881706	-0.14989977	0.14401671	0.084074676	-0.15684511	0.14428201	0.0867685
0.33806786	0.41615164	0.40145788	-0.35194394	0.3116217	-0.4198563	0.4589973	0.32582712	-0.3794023	-0.33273903	-0.34782177	0.37904644	0.4096172	-0.4096106	0.3562735	0.3831367
-0.19427215	-0.18669516	-0.19389379	0.22607456	-0.17732257	0.2610859	-0.20372069	-0.17801547	0.18642521	0.21388826	0.23027645	-0.2549078	-0.1803683	0.17934355	-0.23972775	-0.23065278
-0.1791133	-0.1669162	-0.21833672	0.21610217	-0.15671669	0.21287195	-0.16081318	-0.15300527	0.18217947	0.24515535	0.20198047	-0.15742478	-0.21939711	0.18018275	-0.18476424	-0.23407994
0.10705687	0.13166876	0.13578758	-0.09601328	0.13635938	-0.09751476	0.11541838	0.13376395	-0.14044209	-0.11050703	-0.08459929	0.14787464	0.09244127	-0.16491337	0.09353384	0.13481519
0.5960425	0.55920994	0.60998064	-0.6050608	0.56522256	-0.5674981	0.6532476	0.46090838	-0.55273885	-0.5832751	-0.5802423	0.54815644	0.56679523	-0.57229656	0.6295833	0.54327565
0.11871907	0.10290123	0.13492185	-0.11863918	0.08159858	-0.08561911	0.11768788	0.07794459	-0.09465767	-0.14544623	-0.1095454	0.10339019	0.113176495	-0.14207608	0.12477806	0.08441443
0.31616578	0.24173175	0.3002423	-0.30550835	0.28565493	-0.2431526	0.2598057	0.22769864	-0.21827888	-0.31339064	-0.20026067	0.2077368	0.30629265	-0.24878669	0.24906102	0.28342903
-0.21934198	-0.12864538	-0.15046538	0.20019113	-0.20979299	0.19669184	-0.16453809	-0.19498047	0.14521657	0.126367	0.16563575	-0.19291012	-0.21460839	0.20867196	-0.21359372	-0.19161546
-0.26346257	-0.22994472	-0.22742735	0.288036	-0.26096693	0.25825584	-0.267852	-0.20673624	0.23465145	0.2767455	0.28551796	-0.21368408	-0.2113811	0.20007807	-0.22930802	-0.22333929
-0.3563005	-0.35093367	-0.38083038	0.40243343	-0.3603157	0.38481513	-0.43770954	-0.31060797	0.31595203	0.34037402	0.41696918	-0.35741818	-0.34424153	0.3752063	-0.32678133	-0.41499573
-0.57593894	-0.5536902	-0.548087	0.5719068	-0.5423016	0.5119527	-0.5392508	-0.4897899	0.543507	0.54814285	0.4939009	-0.4837087	-0.5739763	0.535941	-0.5091765	-0.4732159
0.6040368	0.54053384	0.6120275	-0.56909525	0.6199759	-0.62220347	0.60726947	0.47838092	-0.58040786	-0.6269913	-0.59388125	0.6081521	0.5435194	-0.52190304	0.58092785	0.55579627
0.042091396	-0.005532971	0.03303811	-0.009527443	-0.03424829	0.046814863	0.01692649	0.0025051832	0.0020618879	-0.04278274	-0.023546452	-0.016687542	-0.04370977	-0.03852461	0.0064947703	-0.004885028
0.21462053	0.2209988	0.22869952	-0.22181445	0.21685606	-0.19929023	0.22255965	0.23126939	-0.15502736	-0.23132998	-0.20260352	0.16936432	0.24749635	-0.26716158	0.18780407	0.18481183
-0.08401425	-0.088305436	-0.08000385	0.012994275	-0.09274562	0.07046514	-0.06076934	-0.051972415	0.071045876	0.101675995	0.089251004	-0.111061476	-0.06846579	0.04034608	-0.10142961	-0.033075135
0.17065643	0.19374198	0.23650573	-0.18325718	0.20726644	-0.18699147	0.22166501	0.10926501	-0.18586384	-0.16675438	-0.1977282	0.16428919	0.1726074	-0.19849278	0.2089658	0.17771478
0.46736628	0.44401038	0.45483577	-0.46960944	0.49731755	-0.44193816	0.49055406	0.39777136	-0.48738357	-0.46693835	-0.45717397	0.44211915	0.45224804	-0.45478824	0.4452058	0.4703995
0.58768815	0.5961405	0.5997839	-0.5601564	0.53797984	-0.5115069	0.57065517	0.47586137	-0.57882476	-0.5733418	-0.5435403	0.6041579	0.62381494	-0.52773273	0.5749123	0.5272848
0.16813777	0.17138246	0.124130875	-0.15033647	0.18639114	-0.1974451	0.1825508	0.07795467	-0.1380206	-0.19568415	-0.13919179	0.16789742	0.1078096	-0.15777153	0.15546782	0.1862159
-0.47268367	-0.4228735	-0.42091602	0.45744205	-0.45633963	0.48601022	-0.5205827	-0.40138292	0.44617116	0.4446747	0.41471517	-0.45068508	-0.47203168	0.41967914	-0.46706986	-0.38840026
0.2921941	0.31147295	0.24274549	-0.22818802	0.2464735	-0.2992926	0.30206594	0.2508253	-0.1810274	-0.315943	-0.21464562	0.26781678	0.23360527	-0.22851236	0.28190106	0.18362965
-0.04861144	0.010285984	-0.034271363	0.02342963	-0.008628506	0.072436206	-0.066744894	-0.045117047	0.014963292	0.06973579	0.026629008	-0.025712932	-0.08067127	0.026681546	-0.056968745	-0.02728753
-0.10016184	-0.12927559	-0.08836581	0.039836634	-0.024339361	0.12896061	-0.068656005	-0.034232985	0.06499655	0.1107645	0.07879218	-0.060398236	-0.10837025	0.04854093	-0.03979554	-0.09684833
0.35595125	0.3551065	0.35229293	-0.29084805	0.27305338	-0.29895067	0.3457034	0.2724839	-0.2565223	-0.30703136	-0.28083864	0.32450855	0.34541193	-0.346557	0.36278608	0.34703338
-0.07491384	-0.08363538	-0.02185888	0.12207699	-0.06990936	0.039995406	-0.049754396	-0.10700766	0.123593345	0.027774738	0.0415634	-0.04800805	-0.10819396	0.020713512	-0.023852848	-0.0736082
-0.37561154	-0.3951615	-0.33591262	0.36742812	-0.31262287	0.3311211	-0.4171798	-0.3332014	0.3582843	0.4013963	0.29510275	-0.41098496	-0.38074014	0.35618842	-0.3343596	-0.38566026
-0.20894063	-0.18001024	-0.14189725	0.21731006	-0.19006738	0.19372378	-0.20674069	-0.19014245	0.17596588	0.16433746	0.09803672	-0.2303085	-0.18271323	0.14217532	-0.22538698	-0.1753395
0.2929361	0.19092816	0.29146042	-0.22592278	0.23785973	-0.23751087	0.24626228	0.22870053	-0.19254619	-0.26695916	-0.3232438	0.2797767	0.18516584	-0.2430094	0.26120552	0.21191743
0.18051529	0.17898192	0.1585675	-0.135876	0.1307979	-0.20438471	0.19427699	0.13559331	-0.15028603	-0.11461039	-0.20354949	0.17766318	0.14289857	-0.19848636	0.14956433	0.12185651
0.20115897	0.20006777	0.18788922	-0.24517933	0.15588352	-0.23377174	0.21780403	0.15631427	-0.18715242	-0.1750431	-0.24364264	0.21494903	0.141306	-0.20801845	0.14646524	0.15452276
-0.32489935	-0.25330323	-0.32278538	0.33702672	-0.29807818	0.31163552	-0.30184832	-0.3255668	0.31711626	0.317516	0.39368552	-0.31510586	-0.30288875	0.3501564	-0.29487932	-0.3892955
